bucket	signature	post_filter_rank	n_steps	score	route_class	max_terminal_heavy_atoms	tags	terminal_reactants
B_strictish_check_first	3e06901b2c51c9dd	50	10	2.0966043315216508e-05	triage_fragment	17	acylating_piece_present;aryl_coupling_hint	[OH-] | CNS(C)(=O)=O | CCOC(=O)CP(=O)(OCC)OCC | C=CC(=O)OC(C)(C)C | CC(C)c1cc(-c2ccc(F)cc2)nc(O)n1 | O=C1CCC(=O)N1Br | COC(=O)CC(=O)OC
B_strictish_check_first	fe18d61c2b2c7352	159	10	5.942827780975481e-07	triage_fragment	17	acylating_piece_present;aryl_coupling_hint	[OH-] | CNS(C)(=O)=O | CCOC(=O)CP(=O)(OCC)OCC | C=CC(=O)OC(C)(C)C | CC(C)c1cc(-c2ccc(F)cc2)nc(O)n1 | O=C1CCC(=O)N1Br | O=C(O)CC(=O)O | CO
B_strictish_check_first	60bad2b4a889aea6	185	10	2.8606878614708e-07	triage_fragment	17	acylating_piece_present;aryl_coupling_hint	[OH-] | CNS(C)(=O)=O | CCOC(=O)CP(=O)(OCC)OCC | C=CC(=O)OC(C)(C)C | CC(C)c1cc(-c2ccc(F)cc2)nc(O)n1 | O=C1CCC(=O)N1Br | O=C(O)CC(=O)O
B_strictish_check_first	344c229ff94f8068	282	10	2.9179842105551287e-08	triage_fragment	17	acylating_piece_present;aryl_coupling_hint	[OH-] | CNS(C)(=O)=O | CCOC(=O)CP(=O)(OCC)OCC | C=CC(=O)OC(C)(C)C | CC(C)c1cc(-c2ccc(F)cc2)nc(O)n1 | O=C1CCC(=O)N1Br | COC(=O)OC | CC(=O)[O-]
B_strictish_check_first	09657c73c3d615bb	291	10	2.3964664900648854e-08	triage_fragment	17	acylating_piece_present;aryl_coupling_hint	[OH-] | CNS(C)(=O)=O | CCOC(=O)CP(=O)(OCC)OCC | C=CC(=O)OC(C)(C)C | CC(C)c1cc(-c2ccc(F)cc2)nc(O)n1 | O=C1CCC(=O)N1Br | CCOC(=O)CC(=O)[O-]
B_strictish_check_first	3b4e90607b2ef636	362	10	3.0863164772973194e-10	triage_fragment	17	acylating_piece_present;aryl_coupling_hint	[OH-] | CNS(C)(=O)=O | CCOC(=O)CP(=O)(OCC)OCC | C=CC(=O)OC(C)(C)C | CC(C)c1cc(-c2ccc(F)cc2)nc(O)n1 | O=C1CCC(=O)N1Br | COC(=O)CC(=O)OC | NO
C_triage_fragment_weak	23f7f8debeb4cc35	0	17	0.011156089179646935	triage_fragment	25	acylating_piece_present;advanced_or_product_like_terminal;aryl_coupling_hint	[OH-] | CC(=O)OC(C)(C)C | OB(O)c1ccc(F)cc1 | CCOC(=O)C=P(c1ccccc1)(c1ccccc1)c1ccccc1 | CI | CS(=O)(=O)Cl | CCOC(=O)CC(=O)C(C)C | N=C(N)N | COC(=O)CC(=O)OC
C_triage_fragment_weak	2b176e20f4fd8569	8	17	0.00031621949696025004	triage_fragment	25	acylating_piece_present;advanced_or_product_like_terminal;aryl_coupling_hint	[OH-] | CC(=O)OC(C)(C)C | OB(O)c1ccc(F)cc1 | CCOC(=O)C=P(c1ccccc1)(c1ccccc1)c1ccccc1 | CI | CS(=O)(=O)Cl | CCOC(=O)CC(=O)C(C)C | N=C(N)N | O=C(O)CC(=O)O | CO
C_triage_fragment_weak	d93e81fa3fcce5bc	14	17	0.00015221798609249014	triage_fragment	25	acylating_piece_present;advanced_or_product_like_terminal;aryl_coupling_hint	[OH-] | CC(=O)OC(C)(C)C | OB(O)c1ccc(F)cc1 | CCOC(=O)C=P(c1ccccc1)(c1ccccc1)c1ccccc1 | CI | CS(=O)(=O)Cl | CCOC(=O)CC(=O)C(C)C | N=C(N)N | O=C(O)CC(=O)O
C_triage_fragment_weak	b24c56f5863a47f4	15	17	0.00013552739765354744	triage_fragment	25	acylating_piece_present;advanced_or_product_like_terminal;aryl_coupling_hint	[OH-] | CC(=O)OC(C)(C)C | OB(O)c1ccc(F)cc1 | CCOC(=O)C=P(c1ccccc1)(c1ccccc1)c1ccccc1 | CI | CS(=O)(=O)Cl | N=C(N)N | CN(C)C=O | CCOC(=O)CC(C)=O | COC(=O)CC(=O)OC
C_triage_fragment_weak	beb1bd5f0996a6bc	54	17	1.5526674054960336e-05	triage_fragment	25	acylating_piece_present;advanced_or_product_like_terminal;aryl_coupling_hint	[OH-] | CC(=O)OC(C)(C)C | OB(O)c1ccc(F)cc1 | CCOC(=O)C=P(c1ccccc1)(c1ccccc1)c1ccccc1 | CI | CS(=O)(=O)Cl | CCOC(=O)CC(=O)C(C)C | N=C(N)N | COC(=O)OC | CC(=O)[O-]
C_triage_fragment_weak	23ac01d352b2f7a6	58	17	1.275166395358716e-05	triage_fragment	25	acylating_piece_present;advanced_or_product_like_terminal;aryl_coupling_hint	[OH-] | CC(=O)OC(C)(C)C | OB(O)c1ccc(F)cc1 | CCOC(=O)C=P(c1ccccc1)(c1ccccc1)c1ccccc1 | CI | CS(=O)(=O)Cl | CCOC(=O)CC(=O)C(C)C | N=C(N)N | CCOC(=O)CC(=O)[O-]
C_triage_fragment_weak	b97cdc9aecf56ff2	89	17	3.8415258985669786e-06	triage_fragment	25	acylating_piece_present;advanced_or_product_like_terminal;aryl_coupling_hint	[OH-] | CC(=O)OC(C)(C)C | OB(O)c1ccc(F)cc1 | CCOC(=O)C=P(c1ccccc1)(c1ccccc1)c1ccccc1 | CI | CS(=O)(=O)Cl | N=C(N)N | CN(C)C=O | CCOC(=O)CC(C)=O | O=C(O)CC(=O)O | CO
C_triage_fragment_weak	2d0aaf732ae1b9dc	110	17	1.8491881159228909e-06	triage_fragment	25	acylating_piece_present;advanced_or_product_like_terminal;aryl_coupling_hint	[OH-] | CC(=O)OC(C)(C)C | OB(O)c1ccc(F)cc1 | CCOC(=O)C=P(c1ccccc1)(c1ccccc1)c1ccccc1 | CI | CS(=O)(=O)Cl | N=C(N)N | CN(C)C=O | CCOC(=O)CC(C)=O | O=C(O)CC(=O)O
C_triage_fragment_weak	5835aaa22f5c62e0	200	17	1.88622526675627e-07	triage_fragment	25	acylating_piece_present;advanced_or_product_like_terminal;aryl_coupling_hint	[OH-] | CC(=O)OC(C)(C)C | OB(O)c1ccc(F)cc1 | CCOC(=O)C=P(c1ccccc1)(c1ccccc1)c1ccccc1 | CI | CS(=O)(=O)Cl | N=C(N)N | CN(C)C=O | CCOC(=O)CC(C)=O | COC(=O)OC | CC(=O)[O-]
C_triage_fragment_weak	eb7e9d277840b018	203	17	1.6422374665396953e-07	triage_fragment	25	acylating_piece_present;advanced_or_product_like_terminal;aryl_coupling_hint	[OH-] | CC(=O)OC(C)(C)C | OB(O)c1ccc(F)cc1 | CCOC(=O)C=P(c1ccccc1)(c1ccccc1)c1ccccc1 | CI | CS(=O)(=O)Cl | CCOC(=O)CC(=O)C(C)C | N=C(N)N | COC(=O)CC(=O)OC | NO
C_triage_fragment_weak	9fce40b514f6adf1	207	17	1.549109014416204e-07	triage_fragment	25	acylating_piece_present;advanced_or_product_like_terminal;aryl_coupling_hint	[OH-] | CC(=O)OC(C)(C)C | OB(O)c1ccc(F)cc1 | CCOC(=O)C=P(c1ccccc1)(c1ccccc1)c1ccccc1 | CI | CS(=O)(=O)Cl | N=C(N)N | CN(C)C=O | CCOC(=O)CC(C)=O | CCOC(=O)CC(=O)[O-]
C_triage_fragment_weak	5edf958484ceab66	335	17	1.9950375672447196e-09	triage_fragment	25	acylating_piece_present;advanced_or_product_like_terminal;aryl_coupling_hint	[OH-] | CC(=O)OC(C)(C)C | OB(O)c1ccc(F)cc1 | CCOC(=O)C=P(c1ccccc1)(c1ccccc1)c1ccccc1 | CI | CS(=O)(=O)Cl | N=C(N)N | CN(C)C=O | CCOC(=O)CC(C)=O | COC(=O)CC(=O)OC | NO
C_triage_fragment_weak	fa58634990fd2517	4	18	0.0013139846897119412	triage_fragment	25	acylating_piece_present;advanced_or_product_like_terminal;aryl_coupling_hint	[OH-] | CC(=O)OC(C)(C)C | OB(O)c1ccc(F)cc1 | CCOC(=O)C=P(c1ccccc1)(c1ccccc1)c1ccccc1 | CN(C)C=O | O=C([O-])[O-] | CS(=O)(=O)Cl | CC(=O)Cl | N=C(N)N | CCOC(C)=O | CC(=O)C(C)C | COC(=O)CC(=O)OC
C_triage_fragment_weak	964a74c36d44098e	19	18	8.109814664145511e-05	triage_fragment	25	acylating_piece_present;advanced_or_product_like_terminal;aryl_coupling_hint	[OH-] | CC(=O)OC(C)(C)C | OB(O)c1ccc(F)cc1 | CCOC(=O)C=P(c1ccccc1)(c1ccccc1)c1ccccc1 | CN(C)C=O | O=C([O-])[O-] | CS(=O)(=O)Cl | CC(=O)Cl | N=C(N)N | CCOC(=O)CC(C)=O | CC(C)=O | COC(=O)CC(=O)OC
C_triage_fragment_weak	33e810a919f4c618	20	18	8.086753426982953e-05	triage_fragment	25	acylating_piece_present;advanced_or_product_like_terminal;aryl_coupling_hint	[OH-] | CC(=O)OC(C)(C)C | OB(O)c1ccc(F)cc1 | CCOC(=O)C=P(c1ccccc1)(c1ccccc1)c1ccccc1 | CN(C)C=O | O=C([O-])[O-] | CS(=O)(=O)Cl | CC(=O)Cl | N=C(N)N | CC(C)=O | CC(=O)CC(C)=O | COC(=O)CC(=O)OC
C_triage_fragment_weak	5401b371cbedad56	23	18	6.516425212070383e-05	triage_fragment	25	acylating_piece_present;advanced_or_product_like_terminal;aryl_coupling_hint	[OH-] | CC(=O)OC(C)(C)C | OB(O)c1ccc(F)cc1 | CCOC(=O)C=P(c1ccccc1)(c1ccccc1)c1ccccc1 | CN(C)C=O | O=C([O-])[O-] | CS(=O)(=O)Cl | CC(=O)Cl | N=C(N)N | CC(C)C(=O)O | CC(C)=O | COC(=O)CC(=O)OC
C_triage_fragment_weak	e081fdecd4e580f8	35	18	3.951872800885369e-05	triage_fragment	25	acylating_piece_present;advanced_or_product_like_terminal;aryl_coupling_hint	[OH-] | CC(=O)OC(C)(C)C | OB(O)c1ccc(F)cc1 | CCOC(=O)C=P(c1ccccc1)(c1ccccc1)c1ccccc1 | CN(C)C=O | O=C([O-])[O-] | CS(=O)(=O)Cl | CC(=O)Cl | N=C(N)N | CC(C)O | CC(=O)CC(C)=O | COC(=O)CC(=O)OC
C_triage_fragment_weak	23b2eda9438383c8	36	18	3.898416793256062e-05	triage_fragment	25	acylating_piece_present;advanced_or_product_like_terminal;aryl_coupling_hint	[OH-] | CC(=O)OC(C)(C)C | OB(O)c1ccc(F)cc1 | CCOC(=O)C=P(c1ccccc1)(c1ccccc1)c1ccccc1 | CN(C)C=O | O=C([O-])[O-] | CS(=O)(=O)Cl | CC(=O)Cl | N=C(N)N | CC(C)=O | CCOC(=O)C(C)C | COC(=O)CC(=O)OC
C_triage_fragment_weak	f29241b3d631c63f	37	18	3.724491359859586e-05	triage_fragment	25	acylating_piece_present;advanced_or_product_like_terminal;aryl_coupling_hint	[OH-] | CC(=O)OC(C)(C)C | OB(O)c1ccc(F)cc1 | CCOC(=O)C=P(c1ccccc1)(c1ccccc1)c1ccccc1 | CN(C)C=O | O=C([O-])[O-] | CS(=O)(=O)Cl | CC(=O)Cl | N=C(N)N | CCOC(C)=O | CC(=O)C(C)C | O=C(O)CC(=O)O | CO
C_triage_fragment_weak	256df2956a4fd5d1	53	18	1.7928514195567515e-05	triage_fragment	25	acylating_piece_present;advanced_or_product_like_terminal;aryl_coupling_hint	[OH-] | CC(=O)OC(C)(C)C | OB(O)c1ccc(F)cc1 | CCOC(=O)C=P(c1ccccc1)(c1ccccc1)c1ccccc1 | CN(C)C=O | O=C([O-])[O-] | CS(=O)(=O)Cl | CC(=O)Cl | N=C(N)N | CCOC(C)=O | CC(=O)C(C)C | O=C(O)CC(=O)O
C_triage_fragment_weak	b3b93cae49262ae2	67	18	1.0244059421929729e-05	triage_fragment	25	acylating_piece_present;advanced_or_product_like_terminal;aryl_coupling_hint	[OH-] | CC(=O)OC(C)(C)C | OB(O)c1ccc(F)cc1 | CCOC(=O)C=P(c1ccccc1)(c1ccccc1)c1ccccc1 | CN(C)C=O | O=C([O-])[O-] | CS(=O)(=O)Cl | CC(=O)Cl | N=C(N)N | CCOC(C)=O | CC(C)C(=O)O | O=C(Cl)C(=O)Cl | COC(=O)CC(=O)OC
C_triage_fragment_weak	3d1b9b84866de8c5	95	18	3.2092804609383784e-06	triage_fragment	25	acylating_piece_present;advanced_or_product_like_terminal;aryl_coupling_hint	[OH-] | CC(=O)OC(C)(C)C | OB(O)c1ccc(F)cc1 | CCOC(=O)C=P(c1ccccc1)(c1ccccc1)c1ccccc1 | CN(C)C=O | O=C([O-])[O-] | CS(=O)(=O)Cl | CC(=O)Cl | N=C(N)N | CC(C)C(=O)O | O=C(n1ccnc1)n1ccnc1 | COC(=O)CC(=O)OC
C_triage_fragment_weak	bb808d4d8e1aa177	99	18	2.6251726440559242e-06	triage_fragment	25	acylating_piece_present;advanced_or_product_like_terminal;aryl_coupling_hint	[OH-] | CC(=O)OC(C)(C)C | OB(O)c1ccc(F)cc1 | CCOC(=O)C=P(c1ccccc1)(c1ccccc1)c1ccccc1 | CN(C)C=O | O=C([O-])[O-] | CS(=O)(=O)Cl | CC(=O)Cl | N=C(N)N | CC(=O)C(C)C | COC(=O)CC(=O)OC
C_triage_fragment_weak	d95f64bfaa354551	100	18	2.6251726440559242e-06	triage_fragment	25	acylating_piece_present;advanced_or_product_like_terminal;aryl_coupling_hint	[OH-] | CC(=O)OC(C)(C)C | OB(O)c1ccc(F)cc1 | CCOC(=O)C=P(c1ccccc1)(c1ccccc1)c1ccccc1 | CN(C)C=O | O=C([O-])[O-] | CS(=O)(=O)Cl | CC(=O)Cl | N=C(N)N | CC(C)C(=O)Cl | CC(C)=O | COC(=O)CC(=O)OC
C_triage_fragment_weak	1e2a12f9412dda72	103	18	2.2987280508796653e-06	triage_fragment	25	acylating_piece_present;advanced_or_product_like_terminal;aryl_coupling_hint	[OH-] | CC(=O)OC(C)(C)C | OB(O)c1ccc(F)cc1 | CCOC(=O)C=P(c1ccccc1)(c1ccccc1)c1ccccc1 | CN(C)C=O | O=C([O-])[O-] | CS(=O)(=O)Cl | CC(=O)Cl | N=C(N)N | CCOC(=O)CC(C)=O | CC(C)=O | O=C(O)CC(=O)O | CO
C_triage_fragment_weak	f2c999f9a21324be	104	18	2.292191340122522e-06	triage_fragment	25	acylating_piece_present;advanced_or_product_like_terminal;aryl_coupling_hint	[OH-] | CC(=O)OC(C)(C)C | OB(O)c1ccc(F)cc1 | CCOC(=O)C=P(c1ccccc1)(c1ccccc1)c1ccccc1 | CN(C)C=O | O=C([O-])[O-] | CS(=O)(=O)Cl | CC(=O)Cl | N=C(N)N | CC(C)=O | CC(=O)CC(C)=O | O=C(O)CC(=O)O | CO
C_triage_fragment_weak	bec592c11efbe7b7	111	18	1.847081597643881e-06	triage_fragment	25	acylating_piece_present;advanced_or_product_like_terminal;aryl_coupling_hint	[OH-] | CC(=O)OC(C)(C)C | OB(O)c1ccc(F)cc1 | CCOC(=O)C=P(c1ccccc1)(c1ccccc1)c1ccccc1 | CN(C)C=O | O=C([O-])[O-] | CS(=O)(=O)Cl | CC(=O)Cl | N=C(N)N | CC(C)C(=O)O | CC(C)=O | O=C(O)CC(=O)O | CO
C_triage_fragment_weak	782da96dad56ddca	113	18	1.8287602099476206e-06	triage_fragment	25	acylating_piece_present;advanced_or_product_like_terminal;aryl_coupling_hint	[OH-] | CC(=O)OC(C)(C)C | OB(O)c1ccc(F)cc1 | CCOC(=O)C=P(c1ccccc1)(c1ccccc1)c1ccccc1 | CN(C)C=O | O=C([O-])[O-] | CS(=O)(=O)Cl | CC(=O)Cl | N=C(N)N | CCOC(C)=O | CC(=O)C(C)C | COC(=O)OC | CC(=O)[O-]
C_triage_fragment_weak	cba0ef63689c77c7	119	18	1.501914419430577e-06	triage_fragment	25	acylating_piece_present;advanced_or_product_like_terminal;aryl_coupling_hint	[OH-] | CC(=O)OC(C)(C)C | OB(O)c1ccc(F)cc1 | CCOC(=O)C=P(c1ccccc1)(c1ccccc1)c1ccccc1 | CN(C)C=O | O=C([O-])[O-] | CS(=O)(=O)Cl | CC(=O)Cl | N=C(N)N | CCOC(C)=O | CC(=O)C(C)C | CCOC(=O)CC(=O)[O-]
C_triage_fragment_weak	3f129ef4d2de5334	132	18	1.1201588737984745e-06	triage_fragment	25	acylating_piece_present;advanced_or_product_like_terminal;aryl_coupling_hint	[OH-] | CC(=O)OC(C)(C)C | OB(O)c1ccc(F)cc1 | CCOC(=O)C=P(c1ccccc1)(c1ccccc1)c1ccccc1 | CN(C)C=O | O=C([O-])[O-] | CS(=O)(=O)Cl | CC(=O)Cl | N=C(N)N | CC(C)O | CC(=O)CC(C)=O | O=C(O)CC(=O)O | CO
C_triage_fragment_weak	71a14a96853db6f9	133	18	1.1065344099361545e-06	triage_fragment	25	acylating_piece_present;advanced_or_product_like_terminal;aryl_coupling_hint	[OH-] | CC(=O)OC(C)(C)C | OB(O)c1ccc(F)cc1 | CCOC(=O)C=P(c1ccccc1)(c1ccccc1)c1ccccc1 | CN(C)C=O | O=C([O-])[O-] | CS(=O)(=O)Cl | CC(=O)Cl | N=C(N)N | CCOC(=O)CC(C)=O | CC(C)=O | O=C(O)CC(=O)O
C_triage_fragment_weak	0833f569b87412af	134	18	1.1050067612885798e-06	triage_fragment	25	acylating_piece_present;advanced_or_product_like_terminal;aryl_coupling_hint	[OH-] | CC(=O)OC(C)(C)C | OB(O)c1ccc(F)cc1 | CCOC(=O)C=P(c1ccccc1)(c1ccccc1)c1ccccc1 | CN(C)C=O | O=C([O-])[O-] | CS(=O)(=O)Cl | CC(=O)Cl | N=C(N)N | CC(C)=O | CCOC(=O)C(C)C | O=C(O)CC(=O)O | CO
C_triage_fragment_weak	8ff904610ec400bf	135	18	1.1033878457404414e-06	triage_fragment	25	acylating_piece_present;advanced_or_product_like_terminal;aryl_coupling_hint	[OH-] | CC(=O)OC(C)(C)C | OB(O)c1ccc(F)cc1 | CCOC(=O)C=P(c1ccccc1)(c1ccccc1)c1ccccc1 | CN(C)C=O | O=C([O-])[O-] | CS(=O)(=O)Cl | CC(=O)Cl | N=C(N)N | CC(C)=O | CC(=O)CC(C)=O | O=C(O)CC(=O)O
C_triage_fragment_weak	36cd55e2ffecfb51	144	18	8.891262039329392e-07	triage_fragment	25	acylating_piece_present;advanced_or_product_like_terminal;aryl_coupling_hint	[OH-] | CC(=O)OC(C)(C)C | OB(O)c1ccc(F)cc1 | CCOC(=O)C=P(c1ccccc1)(c1ccccc1)c1ccccc1 | CN(C)C=O | O=C([O-])[O-] | CS(=O)(=O)Cl | CC(=O)Cl | N=C(N)N | CC(C)C(=O)O | CC(C)=O | O=C(O)CC(=O)O
C_triage_fragment_weak	6194050f3b0553e4	160	18	5.392087759050136e-07	triage_fragment	25	acylating_piece_present;advanced_or_product_like_terminal;aryl_coupling_hint	[OH-] | CC(=O)OC(C)(C)C | OB(O)c1ccc(F)cc1 | CCOC(=O)C=P(c1ccccc1)(c1ccccc1)c1ccccc1 | CN(C)C=O | O=C([O-])[O-] | CS(=O)(=O)Cl | CC(=O)Cl | N=C(N)N | CC(C)O | CC(=O)CC(C)=O | O=C(O)CC(=O)O
C_triage_fragment_weak	4cab2f75989d9dfe	162	18	5.31915031928206e-07	triage_fragment	25	acylating_piece_present;advanced_or_product_like_terminal;aryl_coupling_hint	[OH-] | CC(=O)OC(C)(C)C | OB(O)c1ccc(F)cc1 | CCOC(=O)C=P(c1ccccc1)(c1ccccc1)c1ccccc1 | CN(C)C=O | O=C([O-])[O-] | CS(=O)(=O)Cl | CC(=O)Cl | N=C(N)N | CC(C)=O | CCOC(=O)C(C)C | O=C(O)CC(=O)O
C_triage_fragment_weak	7133b76cc2f0b424	184	18	2.903680012834074e-07	triage_fragment	25	acylating_piece_present;advanced_or_product_like_terminal;aryl_coupling_hint	[OH-] | CC(=O)OC(C)(C)C | OB(O)c1ccc(F)cc1 | CCOC(=O)C=P(c1ccccc1)(c1ccccc1)c1ccccc1 | CN(C)C=O | O=C([O-])[O-] | CS(=O)(=O)Cl | CC(=O)Cl | N=C(N)N | CCOC(C)=O | CC(C)C(=O)O | O=C(Cl)C(=O)Cl | O=C(O)CC(=O)O | CO
C_triage_fragment_weak	d7f8417c1131c14f	211	18	1.397739001103334e-07	triage_fragment	25	acylating_piece_present;advanced_or_product_like_terminal;aryl_coupling_hint	[OH-] | CC(=O)OC(C)(C)C | OB(O)c1ccc(F)cc1 | CCOC(=O)C=P(c1ccccc1)(c1ccccc1)c1ccccc1 | CN(C)C=O | O=C([O-])[O-] | CS(=O)(=O)Cl | CC(=O)Cl | N=C(N)N | CCOC(C)=O | CC(C)C(=O)O | O=C(Cl)C(=O)Cl | O=C(O)CC(=O)O
C_triage_fragment_weak	5c704d17fd54d31a	217	18	1.1286970452517486e-07	triage_fragment	25	acylating_piece_present;advanced_or_product_like_terminal;aryl_coupling_hint	[OH-] | CC(=O)OC(C)(C)C | OB(O)c1ccc(F)cc1 | CCOC(=O)C=P(c1ccccc1)(c1ccccc1)c1ccccc1 | CN(C)C=O | O=C([O-])[O-] | CS(=O)(=O)Cl | CC(=O)Cl | N=C(N)N | CCOC(=O)CC(C)=O | CC(C)=O | COC(=O)OC | CC(=O)[O-]
C_triage_fragment_weak	404a2210f4c783c6	219	18	1.1254874589266371e-07	triage_fragment	25	acylating_piece_present;advanced_or_product_like_terminal;aryl_coupling_hint	[OH-] | CC(=O)OC(C)(C)C | OB(O)c1ccc(F)cc1 | CCOC(=O)C=P(c1ccccc1)(c1ccccc1)c1ccccc1 | CN(C)C=O | O=C([O-])[O-] | CS(=O)(=O)Cl | CC(=O)Cl | N=C(N)N | CC(C)=O | CC(=O)CC(C)=O | COC(=O)OC | CC(=O)[O-]
C_triage_fragment_weak	f4aa0a2e690c8d2e	223	18	9.26970281949016e-08	triage_fragment	25	acylating_piece_present;advanced_or_product_like_terminal;aryl_coupling_hint	[OH-] | CC(=O)OC(C)(C)C | OB(O)c1ccc(F)cc1 | CCOC(=O)C=P(c1ccccc1)(c1ccccc1)c1ccccc1 | CN(C)C=O | O=C([O-])[O-] | CS(=O)(=O)Cl | CC(=O)Cl | N=C(N)N | CCOC(=O)CC(C)=O | CC(C)=O | CCOC(=O)CC(=O)[O-]
C_triage_fragment_weak	3b8d37709deecfd9	224	18	9.243343300314981e-08	triage_fragment	25	acylating_piece_present;advanced_or_product_like_terminal;aryl_coupling_hint	[OH-] | CC(=O)OC(C)(C)C | OB(O)c1ccc(F)cc1 | CCOC(=O)C=P(c1ccccc1)(c1ccccc1)c1ccccc1 | CN(C)C=O | O=C([O-])[O-] | CS(=O)(=O)Cl | CC(=O)Cl | N=C(N)N | CC(C)=O | CC(=O)CC(C)=O | CCOC(=O)CC(=O)[O-]
C_triage_fragment_weak	71b5cd0ad5ce0ff5	225	18	9.09670975751747e-08	triage_fragment	25	acylating_piece_present;advanced_or_product_like_terminal;aryl_coupling_hint	[OH-] | CC(=O)OC(C)(C)C | OB(O)c1ccc(F)cc1 | CCOC(=O)C=P(c1ccccc1)(c1ccccc1)c1ccccc1 | CN(C)C=O | O=C([O-])[O-] | CS(=O)(=O)Cl | CC(=O)Cl | N=C(N)N | CC(C)C(=O)O | O=C(n1ccnc1)n1ccnc1 | O=C(O)CC(=O)O | CO
C_triage_fragment_weak	837d565f6ef62f2c	227	18	9.069343982650442e-08	triage_fragment	25	acylating_piece_present;advanced_or_product_like_terminal;aryl_coupling_hint	[OH-] | CC(=O)OC(C)(C)C | OB(O)c1ccc(F)cc1 | CCOC(=O)C=P(c1ccccc1)(c1ccccc1)c1ccccc1 | CN(C)C=O | O=C([O-])[O-] | CS(=O)(=O)Cl | CC(=O)Cl | N=C(N)N | CC(C)C(=O)O | CC(C)=O | COC(=O)OC | CC(=O)[O-]
C_triage_fragment_weak	efad038d3de6da3a	235	18	7.448422394704652e-08	triage_fragment	25	acylating_piece_present;advanced_or_product_like_terminal;aryl_coupling_hint	[OH-] | CC(=O)OC(C)(C)C | OB(O)c1ccc(F)cc1 | CCOC(=O)C=P(c1ccccc1)(c1ccccc1)c1ccccc1 | CN(C)C=O | O=C([O-])[O-] | CS(=O)(=O)Cl | CC(=O)Cl | N=C(N)N | CC(C)C(=O)O | CC(C)=O | CCOC(=O)CC(=O)[O-]
C_triage_fragment_weak	1107afc72a3fd0e2	237	18	7.441055369579303e-08	triage_fragment	25	acylating_piece_present;advanced_or_product_like_terminal;aryl_coupling_hint	[OH-] | CC(=O)OC(C)(C)C | OB(O)c1ccc(F)cc1 | CCOC(=O)C=P(c1ccccc1)(c1ccccc1)c1ccccc1 | CN(C)C=O | O=C([O-])[O-] | CS(=O)(=O)Cl | CC(=O)Cl | N=C(N)N | CC(=O)C(C)C | O=C(O)CC(=O)O | CO
C_triage_fragment_weak	29b2bb526d00f923	238	18	7.441055369579303e-08	triage_fragment	25	acylating_piece_present;advanced_or_product_like_terminal;aryl_coupling_hint	[OH-] | CC(=O)OC(C)(C)C | OB(O)c1ccc(F)cc1 | CCOC(=O)C=P(c1ccccc1)(c1ccccc1)c1ccccc1 | CN(C)C=O | O=C([O-])[O-] | CS(=O)(=O)Cl | CC(=O)Cl | N=C(N)N | CC(C)C(=O)Cl | CC(C)=O | O=C(O)CC(=O)O | CO
C_triage_fragment_weak	1d0c288661731128	258	18	5.500085190960457e-08	triage_fragment	25	acylating_piece_present;advanced_or_product_like_terminal;aryl_coupling_hint	[OH-] | CC(=O)OC(C)(C)C | OB(O)c1ccc(F)cc1 | CCOC(=O)C=P(c1ccccc1)(c1ccccc1)c1ccccc1 | CN(C)C=O | O=C([O-])[O-] | CS(=O)(=O)Cl | CC(=O)Cl | N=C(N)N | CC(C)O | CC(=O)CC(C)=O | COC(=O)OC | CC(=O)[O-]
C_triage_fragment_weak	0c1a92fe2410b4d9	259	18	5.4256868965963386e-08	triage_fragment	25	acylating_piece_present;advanced_or_product_like_terminal;aryl_coupling_hint	[OH-] | CC(=O)OC(C)(C)C | OB(O)c1ccc(F)cc1 | CCOC(=O)C=P(c1ccccc1)(c1ccccc1)c1ccccc1 | CN(C)C=O | O=C([O-])[O-] | CS(=O)(=O)Cl | CC(=O)Cl | N=C(N)N | CC(C)=O | CCOC(=O)C(C)C | COC(=O)OC | CC(=O)[O-]
C_triage_fragment_weak	0b8723771096a25e	264	18	4.517080594528405e-08	triage_fragment	25	acylating_piece_present;advanced_or_product_like_terminal;aryl_coupling_hint	[OH-] | CC(=O)OC(C)(C)C | OB(O)c1ccc(F)cc1 | CCOC(=O)C=P(c1ccccc1)(c1ccccc1)c1ccccc1 | CN(C)C=O | O=C([O-])[O-] | CS(=O)(=O)Cl | CC(=O)Cl | N=C(N)N | CC(C)O | CC(=O)CC(C)=O | CCOC(=O)CC(=O)[O-]
C_triage_fragment_weak	16cc20afd5855fd5	265	18	4.4559791606287085e-08	triage_fragment	25	acylating_piece_present;advanced_or_product_like_terminal;aryl_coupling_hint	[OH-] | CC(=O)OC(C)(C)C | OB(O)c1ccc(F)cc1 | CCOC(=O)C=P(c1ccccc1)(c1ccccc1)c1ccccc1 | CN(C)C=O | O=C([O-])[O-] | CS(=O)(=O)Cl | CC(=O)Cl | N=C(N)N | CC(C)=O | CCOC(=O)C(C)C | CCOC(=O)CC(=O)[O-]
C_triage_fragment_weak	3eb32ad2c5690004	267	18	4.378866112519537e-08	triage_fragment	25	acylating_piece_present;advanced_or_product_like_terminal;aryl_coupling_hint	[OH-] | CC(=O)OC(C)(C)C | OB(O)c1ccc(F)cc1 | CCOC(=O)C=P(c1ccccc1)(c1ccccc1)c1ccccc1 | CN(C)C=O | O=C([O-])[O-] | CS(=O)(=O)Cl | CC(=O)Cl | N=C(N)N | CC(C)C(=O)O | O=C(n1ccnc1)n1ccnc1 | O=C(O)CC(=O)O
C_triage_fragment_weak	14a639f91ab44bbe	275	18	3.581886865446666e-08	triage_fragment	25	acylating_piece_present;advanced_or_product_like_terminal;aryl_coupling_hint	[OH-] | CC(=O)OC(C)(C)C | OB(O)c1ccc(F)cc1 | CCOC(=O)C=P(c1ccccc1)(c1ccccc1)c1ccccc1 | CN(C)C=O | O=C([O-])[O-] | CS(=O)(=O)Cl | CC(=O)Cl | N=C(N)N | CC(=O)C(C)C | O=C(O)CC(=O)O
C_triage_fragment_weak	5f3962ddb9afaf52	276	18	3.581886865446666e-08	triage_fragment	25	acylating_piece_present;advanced_or_product_like_terminal;aryl_coupling_hint	[OH-] | CC(=O)OC(C)(C)C | OB(O)c1ccc(F)cc1 | CCOC(=O)C=P(c1ccccc1)(c1ccccc1)c1ccccc1 | CN(C)C=O | O=C([O-])[O-] | CS(=O)(=O)Cl | CC(=O)Cl | N=C(N)N | CC(C)C(=O)Cl | CC(C)=O | O=C(O)CC(=O)O
C_triage_fragment_weak	5e20ad4fb80c67ac	295	18	1.9342574742422217e-08	triage_fragment	25	acylating_piece_present;advanced_or_product_like_terminal;aryl_coupling_hint	[OH-] | CC(=O)OC(C)(C)C | OB(O)c1ccc(F)cc1 | CCOC(=O)C=P(c1ccccc1)(c1ccccc1)c1ccccc1 | CN(C)C=O | O=C([O-])[O-] | CS(=O)(=O)Cl | CC(=O)Cl | N=C(N)N | CCOC(C)=O | CC(=O)C(C)C | COC(=O)CC(=O)OC | NO
C_triage_fragment_weak	6fd4c7e2718411d7	300	18	1.4257341357052694e-08	triage_fragment	25	acylating_piece_present;advanced_or_product_like_terminal;aryl_coupling_hint	[OH-] | CC(=O)OC(C)(C)C | OB(O)c1ccc(F)cc1 | CCOC(=O)C=P(c1ccccc1)(c1ccccc1)c1ccccc1 | CN(C)C=O | O=C([O-])[O-] | CS(=O)(=O)Cl | CC(=O)Cl | N=C(N)N | CCOC(C)=O | CC(C)C(=O)O | O=C(Cl)C(=O)Cl | COC(=O)OC | CC(=O)[O-]
C_triage_fragment_weak	6fab70fa66c42bc4	301	18	1.1709193173835881e-08	triage_fragment	25	acylating_piece_present;advanced_or_product_like_terminal;aryl_coupling_hint	[OH-] | CC(=O)OC(C)(C)C | OB(O)c1ccc(F)cc1 | CCOC(=O)C=P(c1ccccc1)(c1ccccc1)c1ccccc1 | CN(C)C=O | O=C([O-])[O-] | CS(=O)(=O)Cl | CC(=O)Cl | N=C(N)N | CCOC(C)=O | CC(C)C(=O)O | O=C(Cl)C(=O)Cl | CCOC(=O)CC(=O)[O-]
C_triage_fragment_weak	94e9d59db7109bdc	317	18	4.466569858445687e-09	triage_fragment	25	acylating_piece_present;advanced_or_product_like_terminal;aryl_coupling_hint	[OH-] | CC(=O)OC(C)(C)C | OB(O)c1ccc(F)cc1 | CCOC(=O)C=P(c1ccccc1)(c1ccccc1)c1ccccc1 | CN(C)C=O | O=C([O-])[O-] | CS(=O)(=O)Cl | CC(=O)Cl | N=C(N)N | CC(C)C(=O)O | O=C(n1ccnc1)n1ccnc1 | COC(=O)OC | CC(=O)[O-]
C_triage_fragment_weak	0e3ed18cf029631f	319	18	3.6682806413344434e-09	triage_fragment	25	acylating_piece_present;advanced_or_product_like_terminal;aryl_coupling_hint	[OH-] | CC(=O)OC(C)(C)C | OB(O)c1ccc(F)cc1 | CCOC(=O)C=P(c1ccccc1)(c1ccccc1)c1ccccc1 | CN(C)C=O | O=C([O-])[O-] | CS(=O)(=O)Cl | CC(=O)Cl | N=C(N)N | CC(C)C(=O)O | O=C(n1ccnc1)n1ccnc1 | CCOC(=O)CC(=O)[O-]
C_triage_fragment_weak	9a0b7d3036e753fa	320	18	3.653628016582843e-09	triage_fragment	25	acylating_piece_present;advanced_or_product_like_terminal;aryl_coupling_hint	[OH-] | CC(=O)OC(C)(C)C | OB(O)c1ccc(F)cc1 | CCOC(=O)C=P(c1ccccc1)(c1ccccc1)c1ccccc1 | CN(C)C=O | O=C([O-])[O-] | CS(=O)(=O)Cl | CC(=O)Cl | N=C(N)N | CC(=O)C(C)C | COC(=O)OC | CC(=O)[O-]
C_triage_fragment_weak	a790304803bd83a2	321	18	3.653628016582843e-09	triage_fragment	25	acylating_piece_present;advanced_or_product_like_terminal;aryl_coupling_hint	[OH-] | CC(=O)OC(C)(C)C | OB(O)c1ccc(F)cc1 | CCOC(=O)C=P(c1ccccc1)(c1ccccc1)c1ccccc1 | CN(C)C=O | O=C([O-])[O-] | CS(=O)(=O)Cl | CC(=O)Cl | N=C(N)N | CC(C)C(=O)Cl | CC(C)=O | COC(=O)OC | CC(=O)[O-]
C_triage_fragment_weak	ee61d38b2840cbb2	324	18	3.0006321066546408e-09	triage_fragment	25	acylating_piece_present;advanced_or_product_like_terminal;aryl_coupling_hint	[OH-] | CC(=O)OC(C)(C)C | OB(O)c1ccc(F)cc1 | CCOC(=O)C=P(c1ccccc1)(c1ccccc1)c1ccccc1 | CN(C)C=O | O=C([O-])[O-] | CS(=O)(=O)Cl | CC(=O)Cl | N=C(N)N | CC(=O)C(C)C | CCOC(=O)CC(=O)[O-]
C_triage_fragment_weak	dbc78ef2af431efa	325	18	3.0006321066546408e-09	triage_fragment	25	acylating_piece_present;advanced_or_product_like_terminal;aryl_coupling_hint	[OH-] | CC(=O)OC(C)(C)C | OB(O)c1ccc(F)cc1 | CCOC(=O)C=P(c1ccccc1)(c1ccccc1)c1ccccc1 | CN(C)C=O | O=C([O-])[O-] | CS(=O)(=O)Cl | CC(=O)Cl | N=C(N)N | CC(C)C(=O)Cl | CC(C)=O | CCOC(=O)CC(=O)[O-]
C_triage_fragment_weak	e2e0370527e08662	339	18	1.1938091632012469e-09	triage_fragment	25	acylating_piece_present;advanced_or_product_like_terminal;aryl_coupling_hint	[OH-] | CC(=O)OC(C)(C)C | OB(O)c1ccc(F)cc1 | CCOC(=O)C=P(c1ccccc1)(c1ccccc1)c1ccccc1 | CN(C)C=O | O=C([O-])[O-] | CS(=O)(=O)Cl | CC(=O)Cl | N=C(N)N | CCOC(=O)CC(C)=O | CC(C)=O | COC(=O)CC(=O)OC | NO
C_triage_fragment_weak	47b966e78a2ab684	340	18	1.1904144227072212e-09	triage_fragment	25	acylating_piece_present;advanced_or_product_like_terminal;aryl_coupling_hint	[OH-] | CC(=O)OC(C)(C)C | OB(O)c1ccc(F)cc1 | CCOC(=O)C=P(c1ccccc1)(c1ccccc1)c1ccccc1 | CN(C)C=O | O=C([O-])[O-] | CS(=O)(=O)Cl | CC(=O)Cl | N=C(N)N | CC(C)=O | CC(=O)CC(C)=O | COC(=O)CC(=O)OC | NO
C_triage_fragment_weak	7bc301370115e15c	343	18	9.592535035207152e-10	triage_fragment	25	acylating_piece_present;advanced_or_product_like_terminal;aryl_coupling_hint	[OH-] | CC(=O)OC(C)(C)C | OB(O)c1ccc(F)cc1 | CCOC(=O)C=P(c1ccccc1)(c1ccccc1)c1ccccc1 | CN(C)C=O | O=C([O-])[O-] | CS(=O)(=O)Cl | CC(=O)Cl | N=C(N)N | CC(C)C(=O)O | CC(C)=O | COC(=O)CC(=O)OC | NO
C_triage_fragment_weak	5e57c1227d4c5bc2	354	18	5.817373339443411e-10	triage_fragment	25	acylating_piece_present;advanced_or_product_like_terminal;aryl_coupling_hint	[OH-] | CC(=O)OC(C)(C)C | OB(O)c1ccc(F)cc1 | CCOC(=O)C=P(c1ccccc1)(c1ccccc1)c1ccccc1 | CN(C)C=O | O=C([O-])[O-] | CS(=O)(=O)Cl | CC(=O)Cl | N=C(N)N | CC(C)O | CC(=O)CC(C)=O | COC(=O)CC(=O)OC | NO
C_triage_fragment_weak	83f218032881e452	355	18	5.738683166635685e-10	triage_fragment	25	acylating_piece_present;advanced_or_product_like_terminal;aryl_coupling_hint	[OH-] | CC(=O)OC(C)(C)C | OB(O)c1ccc(F)cc1 | CCOC(=O)C=P(c1ccccc1)(c1ccccc1)c1ccccc1 | CN(C)C=O | O=C([O-])[O-] | CS(=O)(=O)Cl | CC(=O)Cl | N=C(N)N | CC(C)=O | CCOC(=O)C(C)C | COC(=O)CC(=O)OC | NO
C_triage_fragment_weak	9edc9464e403ef08	367	18	1.5079816879596143e-10	triage_fragment	25	acylating_piece_present;advanced_or_product_like_terminal;aryl_coupling_hint	[OH-] | CC(=O)OC(C)(C)C | OB(O)c1ccc(F)cc1 | CCOC(=O)C=P(c1ccccc1)(c1ccccc1)c1ccccc1 | CN(C)C=O | O=C([O-])[O-] | CS(=O)(=O)Cl | CC(=O)Cl | N=C(N)N | CCOC(C)=O | CC(C)C(=O)O | O=C(Cl)C(=O)Cl | COC(=O)CC(=O)OC | NO
C_triage_fragment_weak	7ecb5e9b7fb3dbbc	372	18	4.7242367183672734e-11	triage_fragment	25	acylating_piece_present;advanced_or_product_like_terminal;aryl_coupling_hint	[OH-] | CC(=O)OC(C)(C)C | OB(O)c1ccc(F)cc1 | CCOC(=O)C=P(c1ccccc1)(c1ccccc1)c1ccccc1 | CN(C)C=O | O=C([O-])[O-] | CS(=O)(=O)Cl | CC(=O)Cl | N=C(N)N | CC(C)C(=O)O | O=C(n1ccnc1)n1ccnc1 | COC(=O)CC(=O)OC | NO
C_triage_fragment_weak	810405010704a1bc	373	18	3.8643980007518663e-11	triage_fragment	25	acylating_piece_present;advanced_or_product_like_terminal;aryl_coupling_hint	[OH-] | CC(=O)OC(C)(C)C | OB(O)c1ccc(F)cc1 | CCOC(=O)C=P(c1ccccc1)(c1ccccc1)c1ccccc1 | CN(C)C=O | O=C([O-])[O-] | CS(=O)(=O)Cl | CC(=O)Cl | N=C(N)N | CC(=O)C(C)C | COC(=O)CC(=O)OC | NO
C_triage_fragment_weak	75f9c66beeea52ef	374	18	3.8643980007518663e-11	triage_fragment	25	acylating_piece_present;advanced_or_product_like_terminal;aryl_coupling_hint	[OH-] | CC(=O)OC(C)(C)C | OB(O)c1ccc(F)cc1 | CCOC(=O)C=P(c1ccccc1)(c1ccccc1)c1ccccc1 | CN(C)C=O | O=C([O-])[O-] | CS(=O)(=O)Cl | CC(=O)Cl | N=C(N)N | CC(C)C(=O)Cl | CC(C)=O | COC(=O)CC(=O)OC | NO
C_triage_fragment_weak	ae90fe5d398933c5	21	19	7.205687574051152e-05	triage_fragment	25	acylating_piece_present;advanced_or_product_like_terminal;aryl_coupling_hint	[OH-] | CC(=O)OC(C)(C)C | OB(O)c1ccc(F)cc1 | CCOC(=O)C=P(c1ccccc1)(c1ccccc1)c1ccccc1 | CI | CS(=O)(=O)Cl | CCO | NC(N)=O | CC(C)[C@H](N)C(=O)O | CC(C)C(=O)Cl | COC(=O)CC(=O)OC
C_triage_fragment_weak	988d539050bcaa73	26	19	6.13475743237847e-05	triage_fragment	25	acylating_piece_present;advanced_or_product_like_terminal;aryl_coupling_hint	[OH-] | CC(=O)OC(C)(C)C | OB(O)c1ccc(F)cc1 | CCOC(=O)C=P(c1ccccc1)(c1ccccc1)c1ccccc1 | CI | CS(=O)(=O)Cl | CCO | NC(N)=O | CC(C)C(=O)Cl | CC(C)C(=O)O | COC(=O)CC(=O)OC
C_triage_fragment_weak	562634f28a540190	108	19	2.042453106305566e-06	triage_fragment	25	acylating_piece_present;advanced_or_product_like_terminal;aryl_coupling_hint	[OH-] | CC(=O)OC(C)(C)C | OB(O)c1ccc(F)cc1 | CCOC(=O)C=P(c1ccccc1)(c1ccccc1)c1ccccc1 | CI | CS(=O)(=O)Cl | CCO | NC(N)=O | CC(C)[C@H](N)C(=O)O | CC(C)C(=O)Cl | O=C(O)CC(=O)O | CO
C_triage_fragment_weak	324bab0b6a40ad89	115	19	1.7388978144590894e-06	triage_fragment	25	acylating_piece_present;advanced_or_product_like_terminal;aryl_coupling_hint	[OH-] | CC(=O)OC(C)(C)C | OB(O)c1ccc(F)cc1 | CCOC(=O)C=P(c1ccccc1)(c1ccccc1)c1ccccc1 | CI | CS(=O)(=O)Cl | CCO | NC(N)=O | CC(C)C(=O)Cl | CC(C)C(=O)O | O=C(O)CC(=O)O | CO
C_triage_fragment_weak	9e3cc56e0d218dfa	139	19	9.831718205827928e-07	triage_fragment	25	acylating_piece_present;advanced_or_product_like_terminal;aryl_coupling_hint	[OH-] | CC(=O)OC(C)(C)C | OB(O)c1ccc(F)cc1 | CCOC(=O)C=P(c1ccccc1)(c1ccccc1)c1ccccc1 | CI | CS(=O)(=O)Cl | CCO | NC(N)=O | CC(C)[C@H](N)C(=O)O | CC(C)C(=O)Cl | O=C(O)CC(=O)O
C_triage_fragment_weak	9df86c722a0b1db1	147	19	8.370499791506148e-07	triage_fragment	25	acylating_piece_present;advanced_or_product_like_terminal;aryl_coupling_hint	[OH-] | CC(=O)OC(C)(C)C | OB(O)c1ccc(F)cc1 | CCOC(=O)C=P(c1ccccc1)(c1ccccc1)c1ccccc1 | CI | CS(=O)(=O)Cl | CCO | NC(N)=O | CC(C)C(=O)Cl | CC(C)C(=O)O | O=C(O)CC(=O)O
C_triage_fragment_weak	620fef5307fb95fc	222	19	1.0028636424696533e-07	triage_fragment	25	acylating_piece_present;advanced_or_product_like_terminal;aryl_coupling_hint	[OH-] | CC(=O)OC(C)(C)C | OB(O)c1ccc(F)cc1 | CCOC(=O)C=P(c1ccccc1)(c1ccccc1)c1ccccc1 | CI | CS(=O)(=O)Cl | CCO | NC(N)=O | CC(C)[C@H](N)C(=O)O | CC(C)C(=O)Cl | COC(=O)OC | CC(=O)[O-]
C_triage_fragment_weak	45b5c2a3c163a486	229	19	8.538151454773547e-08	triage_fragment	25	acylating_piece_present;advanced_or_product_like_terminal;aryl_coupling_hint	[OH-] | CC(=O)OC(C)(C)C | OB(O)c1ccc(F)cc1 | CCOC(=O)C=P(c1ccccc1)(c1ccccc1)c1ccccc1 | CI | CS(=O)(=O)Cl | CCO | NC(N)=O | CC(C)C(=O)Cl | CC(C)C(=O)O | COC(=O)OC | CC(=O)[O-]
C_triage_fragment_weak	11f9100300c597d6	231	19	8.236264968773485e-08	triage_fragment	25	acylating_piece_present;advanced_or_product_like_terminal;aryl_coupling_hint	[OH-] | CC(=O)OC(C)(C)C | OB(O)c1ccc(F)cc1 | CCOC(=O)C=P(c1ccccc1)(c1ccccc1)c1ccccc1 | CI | CS(=O)(=O)Cl | CCO | NC(N)=O | CC(C)[C@H](N)C(=O)O | CC(C)C(=O)Cl | CCOC(=O)CC(=O)[O-]
C_triage_fragment_weak	e36647cdeb0c7f9f	244	19	7.012167432040662e-08	triage_fragment	25	acylating_piece_present;advanced_or_product_like_terminal;aryl_coupling_hint	[OH-] | CC(=O)OC(C)(C)C | OB(O)c1ccc(F)cc1 | CCOC(=O)C=P(c1ccccc1)(c1ccccc1)c1ccccc1 | CI | CS(=O)(=O)Cl | CCO | NC(N)=O | CC(C)C(=O)Cl | CC(C)C(=O)O | CCOC(=O)CC(=O)[O-]
C_triage_fragment_weak	cb78c026bbade8c4	341	19	1.0607167006046494e-09	triage_fragment	25	acylating_piece_present;advanced_or_product_like_terminal;aryl_coupling_hint	[OH-] | CC(=O)OC(C)(C)C | OB(O)c1ccc(F)cc1 | CCOC(=O)C=P(c1ccccc1)(c1ccccc1)c1ccccc1 | CI | CS(=O)(=O)Cl | CCO | NC(N)=O | CC(C)[C@H](N)C(=O)O | CC(C)C(=O)Cl | COC(=O)CC(=O)OC | NO
C_triage_fragment_weak	8b108f55461ecc7b	345	19	9.030699146762851e-10	triage_fragment	25	acylating_piece_present;advanced_or_product_like_terminal;aryl_coupling_hint	[OH-] | CC(=O)OC(C)(C)C | OB(O)c1ccc(F)cc1 | CCOC(=O)C=P(c1ccccc1)(c1ccccc1)c1ccccc1 | CI | CS(=O)(=O)Cl | CCO | NC(N)=O | CC(C)C(=O)Cl | CC(C)C(=O)O | COC(=O)CC(=O)OC | NO
C_triage_fragment_weak	be59703f79c1563a	348	20	8.511110266388705e-10	triage_fragment	25	acylating_piece_present;advanced_or_product_like_terminal;aryl_coupling_hint	[OH-] | CC(=O)OC(C)(C)C | CCOC(=O)C=P(c1ccccc1)(c1ccccc1)c1ccccc1 | O=S(=O)(O)O | CNS(C)(=O)=O | OB(O)c1ccc(F)cc1 | O=P(Cl)(Cl)Cl | N | CC(C)C(=O)CC#N | CC(C)NC(C)C | COC(=O)CC#N | COC(=O)CC(=O)OC
C_triage_fragment_weak	ff50c1781e5de1d9	364	20	2.2072708133141975e-10	triage_fragment	25	acylating_piece_present;advanced_or_product_like_terminal;aryl_coupling_hint	[OH-] | CC(=O)OC(C)(C)C | CCOC(=O)C=P(c1ccccc1)(c1ccccc1)c1ccccc1 | O=S(=O)(O)O | CNS(C)(=O)=O | OB(O)c1ccc(F)cc1 | O=P(Cl)(Cl)Cl | N | CC(C)C(=O)CC#N | CC(C)NC(C)C | N#CCC(=O)O | COC(=O)CC(=O)OC
C_triage_fragment_weak	da2523595e5232e7	366	20	1.537696704083397e-10	triage_fragment	25	acylating_piece_present;advanced_or_product_like_terminal;aryl_coupling_hint	[OH-] | CC(=O)OC(C)(C)C | CCOC(=O)C=P(c1ccccc1)(c1ccccc1)c1ccccc1 | O=S(=O)(O)O | CNS(C)(=O)=O | OB(O)c1ccc(F)cc1 | O=P(Cl)(Cl)Cl | N | CC(C)C(=O)CC#N | CC(C)C(=O)Cl | COC(=O)CC#N | COC(=O)CC(=O)OC
C_triage_fragment_weak	2d08343b52808f69	371	20	7.881525504478917e-11	triage_fragment	25	acylating_piece_present;advanced_or_product_like_terminal;aryl_coupling_hint	[OH-] | CC(=O)OC(C)(C)C | CCOC(=O)C=P(c1ccccc1)(c1ccccc1)c1ccccc1 | O=S(=O)(O)O | CNS(C)(=O)=O | OB(O)c1ccc(F)cc1 | O=P(Cl)(Cl)Cl | N | CC(C)C(=O)CC#N | CC(C)NC(C)C | O=C(O)C(F)(F)F | COC(=O)CC(=O)OC
C_triage_fragment_weak	e1ade2ccaaefb39a	381	20	2.4124753429909672e-11	triage_fragment	25	acylating_piece_present;advanced_or_product_like_terminal;aryl_coupling_hint	[OH-] | CC(=O)OC(C)(C)C | CCOC(=O)C=P(c1ccccc1)(c1ccccc1)c1ccccc1 | O=S(=O)(O)O | CNS(C)(=O)=O | OB(O)c1ccc(F)cc1 | O=P(Cl)(Cl)Cl | N | CC(C)C(=O)CC#N | CC(C)NC(C)C | COC(=O)CC#N | O=C(O)CC(=O)O | CO
C_triage_fragment_weak	5aebbbfd9d5fa4b3	385	20	1.2140637805540882e-11	triage_fragment	25	acylating_piece_present;advanced_or_product_like_terminal;aryl_coupling_hint	[OH-] | CC(=O)OC(C)(C)C | CCOC(=O)C=P(c1ccccc1)(c1ccccc1)c1ccccc1 | O=S(=O)(O)O | CNS(C)(=O)=O | OB(O)c1ccc(F)cc1 | O=P(Cl)(Cl)Cl | N | CC(C)C(=O)CC#N | CC(C)NC(C)C | O=C(O)CC(=O)O | COC(=O)CC(=O)OC
C_triage_fragment_weak	9a53a233489cf259	386	20	1.161288730574496e-11	triage_fragment	25	acylating_piece_present;advanced_or_product_like_terminal;aryl_coupling_hint	[OH-] | CC(=O)OC(C)(C)C | CCOC(=O)C=P(c1ccccc1)(c1ccccc1)c1ccccc1 | O=S(=O)(O)O | CNS(C)(=O)=O | OB(O)c1ccc(F)cc1 | O=P(Cl)(Cl)Cl | N | CC(C)C(=O)CC#N | CC(C)NC(C)C | COC(=O)CC#N | O=C(O)CC(=O)O
C_triage_fragment_weak	31683939a121dd4a	387	20	6.256512071583736e-12	triage_fragment	25	acylating_piece_present;advanced_or_product_like_terminal;aryl_coupling_hint	[OH-] | CC(=O)OC(C)(C)C | CCOC(=O)C=P(c1ccccc1)(c1ccccc1)c1ccccc1 | O=S(=O)(O)O | CNS(C)(=O)=O | OB(O)c1ccc(F)cc1 | O=P(Cl)(Cl)Cl | N | CC(C)C(=O)CC#N | CC(C)NC(C)C | N#CCC(=O)O | O=C(O)CC(=O)O | CO
C_triage_fragment_weak	b8ee5a0d596b7a3f	388	20	4.3586033637109645e-12	triage_fragment	25	acylating_piece_present;advanced_or_product_like_terminal;aryl_coupling_hint	[OH-] | CC(=O)OC(C)(C)C | CCOC(=O)C=P(c1ccccc1)(c1ccccc1)c1ccccc1 | O=S(=O)(O)O | CNS(C)(=O)=O | OB(O)c1ccc(F)cc1 | O=P(Cl)(Cl)Cl | N | CC(C)C(=O)CC#N | CC(C)C(=O)Cl | COC(=O)CC#N | O=C(O)CC(=O)O | CO
C_triage_fragment_weak	4d5d927d263acfb9	389	20	3.0116854800371283e-12	triage_fragment	25	acylating_piece_present;advanced_or_product_like_terminal;aryl_coupling_hint	[OH-] | CC(=O)OC(C)(C)C | CCOC(=O)C=P(c1ccccc1)(c1ccccc1)c1ccccc1 | O=S(=O)(O)O | CNS(C)(=O)=O | OB(O)c1ccc(F)cc1 | O=P(Cl)(Cl)Cl | N | CC(C)C(=O)CC#N | CC(C)NC(C)C | N#CCC(=O)O | O=C(O)CC(=O)O
C_triage_fragment_weak	dab9ee134049f36c	391	20	2.234019458048631e-12	triage_fragment	25	acylating_piece_present;advanced_or_product_like_terminal;aryl_coupling_hint	[OH-] | CC(=O)OC(C)(C)C | CCOC(=O)C=P(c1ccccc1)(c1ccccc1)c1ccccc1 | O=S(=O)(O)O | CNS(C)(=O)=O | OB(O)c1ccc(F)cc1 | O=P(Cl)(Cl)Cl | N | CC(C)C(=O)CC#N | CC(C)NC(C)C | O=C(O)C(F)(F)F | O=C(O)CC(=O)O | CO
C_triage_fragment_weak	814c06e6d069ff81	392	20	2.098092725393955e-12	triage_fragment	25	acylating_piece_present;advanced_or_product_like_terminal;aryl_coupling_hint	[OH-] | CC(=O)OC(C)(C)C | CCOC(=O)C=P(c1ccccc1)(c1ccccc1)c1ccccc1 | O=S(=O)(O)O | CNS(C)(=O)=O | OB(O)c1ccc(F)cc1 | O=P(Cl)(Cl)Cl | N | CC(C)C(=O)CC#N | CC(C)C(=O)Cl | COC(=O)CC#N | O=C(O)CC(=O)O
C_triage_fragment_weak	3d2b8ee3cbd64217	394	20	1.1845480331327567e-12	triage_fragment	25	acylating_piece_present;advanced_or_product_like_terminal;aryl_coupling_hint	[OH-] | CC(=O)OC(C)(C)C | CCOC(=O)C=P(c1ccccc1)(c1ccccc1)c1ccccc1 | O=S(=O)(O)O | CNS(C)(=O)=O | OB(O)c1ccc(F)cc1 | O=P(Cl)(Cl)Cl | N | CC(C)C(=O)CC#N | CC(C)NC(C)C | COC(=O)CC#N | COC(=O)OC | CC(=O)[O-]
C_triage_fragment_weak	0fcd8e58c9926c0e	395	20	1.07538575598438e-12	triage_fragment	25	acylating_piece_present;advanced_or_product_like_terminal;aryl_coupling_hint	[OH-] | CC(=O)OC(C)(C)C | CCOC(=O)C=P(c1ccccc1)(c1ccccc1)c1ccccc1 | O=S(=O)(O)O | CNS(C)(=O)=O | OB(O)c1ccc(F)cc1 | O=P(Cl)(Cl)Cl | N | CC(C)C(=O)CC#N | CC(C)NC(C)C | O=C(O)C(F)(F)F | O=C(O)CC(=O)O
C_triage_fragment_weak	49e03609e325822d	396	20	9.728392830250681e-13	triage_fragment	25	acylating_piece_present;advanced_or_product_like_terminal;aryl_coupling_hint	[OH-] | CC(=O)OC(C)(C)C | CCOC(=O)C=P(c1ccccc1)(c1ccccc1)c1ccccc1 | O=S(=O)(O)O | CNS(C)(=O)=O | OB(O)c1ccc(F)cc1 | O=P(Cl)(Cl)Cl | N | CC(C)C(=O)CC#N | CC(C)NC(C)C | COC(=O)CC#N | CCOC(=O)CC(=O)[O-]
C_triage_fragment_weak	858d0aa2e2fc0c02	399	20	3.4412654092518027e-13	triage_fragment	25	acylating_piece_present;advanced_or_product_like_terminal;aryl_coupling_hint	[OH-] | CC(=O)OC(C)(C)C | CCOC(=O)C=P(c1ccccc1)(c1ccccc1)c1ccccc1 | O=S(=O)(O)O | CNS(C)(=O)=O | OB(O)c1ccc(F)cc1 | O=P(Cl)(Cl)Cl | N | CC(C)C(=O)CC#N | CC(C)NC(C)C | O=C(O)CC(=O)O | CO
C_triage_fragment_weak	a73d06d3b8b99997	400	20	3.072006140994417e-13	triage_fragment	25	acylating_piece_present;advanced_or_product_like_terminal;aryl_coupling_hint	[OH-] | CC(=O)OC(C)(C)C | CCOC(=O)C=P(c1ccccc1)(c1ccccc1)c1ccccc1 | O=S(=O)(O)O | CNS(C)(=O)=O | OB(O)c1ccc(F)cc1 | O=P(Cl)(Cl)Cl | N | CC(C)C(=O)CC#N | CC(C)NC(C)C | N#CCC(=O)O | COC(=O)OC | CC(=O)[O-]
C_triage_fragment_weak	b0460aae89269ba5	402	20	2.52296079860079e-13	triage_fragment	25	acylating_piece_present;advanced_or_product_like_terminal;aryl_coupling_hint	[OH-] | CC(=O)OC(C)(C)C | CCOC(=O)C=P(c1ccccc1)(c1ccccc1)c1ccccc1 | O=S(=O)(O)O | CNS(C)(=O)=O | OB(O)c1ccc(F)cc1 | O=P(Cl)(Cl)Cl | N | CC(C)C(=O)CC#N | CC(C)NC(C)C | N#CCC(=O)O | CCOC(=O)CC(=O)[O-]
C_triage_fragment_weak	cf5aafcf3e7726d2	403	20	2.140115154623146e-13	triage_fragment	25	acylating_piece_present;advanced_or_product_like_terminal;aryl_coupling_hint	[OH-] | CC(=O)OC(C)(C)C | CCOC(=O)C=P(c1ccccc1)(c1ccccc1)c1ccccc1 | O=S(=O)(O)O | CNS(C)(=O)=O | OB(O)c1ccc(F)cc1 | O=P(Cl)(Cl)Cl | N | CC(C)C(=O)CC#N | CC(C)C(=O)Cl | COC(=O)CC#N | COC(=O)OC | CC(=O)[O-]
C_triage_fragment_weak	29a3983e8632d87c	404	20	1.757622345721567e-13	triage_fragment	25	acylating_piece_present;advanced_or_product_like_terminal;aryl_coupling_hint	[OH-] | CC(=O)OC(C)(C)C | CCOC(=O)C=P(c1ccccc1)(c1ccccc1)c1ccccc1 | O=S(=O)(O)O | CNS(C)(=O)=O | OB(O)c1ccc(F)cc1 | O=P(Cl)(Cl)Cl | N | CC(C)C(=O)CC#N | CC(C)C(=O)Cl | COC(=O)CC#N | CCOC(=O)CC(=O)[O-]
C_triage_fragment_weak	51a5b2e55d7626d9	405	20	1.6565154749832037e-13	triage_fragment	25	acylating_piece_present;advanced_or_product_like_terminal;aryl_coupling_hint	[OH-] | CC(=O)OC(C)(C)C | CCOC(=O)C=P(c1ccccc1)(c1ccccc1)c1ccccc1 | O=S(=O)(O)O | CNS(C)(=O)=O | OB(O)c1ccc(F)cc1 | O=P(Cl)(Cl)Cl | N | CC(C)C(=O)CC#N | CC(C)NC(C)C | O=C(O)CC(=O)O
C_triage_fragment_weak	8ec3867eed8f2fc9	406	20	1.0969245189179623e-13	triage_fragment	25	acylating_piece_present;advanced_or_product_like_terminal;aryl_coupling_hint	[OH-] | CC(=O)OC(C)(C)C | CCOC(=O)C=P(c1ccccc1)(c1ccccc1)c1ccccc1 | O=S(=O)(O)O | CNS(C)(=O)=O | OB(O)c1ccc(F)cc1 | O=P(Cl)(Cl)Cl | N | CC(C)C(=O)CC#N | CC(C)NC(C)C | O=C(O)C(F)(F)F | COC(=O)OC | CC(=O)[O-]
C_triage_fragment_weak	c6932f3b56fcc868	407	20	9.008763111906419e-14	triage_fragment	25	acylating_piece_present;advanced_or_product_like_terminal;aryl_coupling_hint	[OH-] | CC(=O)OC(C)(C)C | CCOC(=O)C=P(c1ccccc1)(c1ccccc1)c1ccccc1 | O=S(=O)(O)O | CNS(C)(=O)=O | OB(O)c1ccc(F)cc1 | O=P(Cl)(Cl)Cl | N | CC(C)C(=O)CC#N | CC(C)NC(C)C | O=C(O)C(F)(F)F | CCOC(=O)CC(=O)[O-]
C_triage_fragment_weak	ab2addf81c1e1b71	409	20	1.6896936102829536e-14	triage_fragment	25	acylating_piece_present;advanced_or_product_like_terminal;aryl_coupling_hint	[OH-] | CC(=O)OC(C)(C)C | CCOC(=O)C=P(c1ccccc1)(c1ccccc1)c1ccccc1 | O=S(=O)(O)O | CNS(C)(=O)=O | OB(O)c1ccc(F)cc1 | O=P(Cl)(Cl)Cl | N | CC(C)C(=O)CC#N | CC(C)NC(C)C | O=C(O)CC(=O)O | COC(=O)OC | CC(=O)[O-]
C_triage_fragment_weak	e09307723cdd6c44	410	20	1.387702545090023e-14	triage_fragment	25	acylating_piece_present;advanced_or_product_like_terminal;aryl_coupling_hint	[OH-] | CC(=O)OC(C)(C)C | CCOC(=O)C=P(c1ccccc1)(c1ccccc1)c1ccccc1 | O=S(=O)(O)O | CNS(C)(=O)=O | OB(O)c1ccc(F)cc1 | O=P(Cl)(Cl)Cl | N | CC(C)C(=O)CC#N | CC(C)NC(C)C | O=C(O)CC(=O)O | CCOC(=O)CC(=O)[O-]
C_triage_fragment_weak	be4e2a015663f953	411	20	1.2528820750926022e-14	triage_fragment	25	acylating_piece_present;advanced_or_product_like_terminal;aryl_coupling_hint	[OH-] | CC(=O)OC(C)(C)C | CCOC(=O)C=P(c1ccccc1)(c1ccccc1)c1ccccc1 | O=S(=O)(O)O | CNS(C)(=O)=O | OB(O)c1ccc(F)cc1 | O=P(Cl)(Cl)Cl | N | CC(C)C(=O)CC#N | CC(C)NC(C)C | COC(=O)CC#N | COC(=O)CC(=O)OC | NO
C_triage_fragment_weak	0b1227b682e0922d	412	20	3.2492236034086985e-15	triage_fragment	25	acylating_piece_present;advanced_or_product_like_terminal;aryl_coupling_hint	[OH-] | CC(=O)OC(C)(C)C | CCOC(=O)C=P(c1ccccc1)(c1ccccc1)c1ccccc1 | O=S(=O)(O)O | CNS(C)(=O)=O | OB(O)c1ccc(F)cc1 | O=P(Cl)(Cl)Cl | N | CC(C)C(=O)CC#N | CC(C)NC(C)C | N#CCC(=O)O | COC(=O)CC(=O)OC | NO
C_triage_fragment_weak	51d3e4d023198ddb	413	20	2.2635738196028625e-15	triage_fragment	25	acylating_piece_present;advanced_or_product_like_terminal;aryl_coupling_hint	[OH-] | CC(=O)OC(C)(C)C | CCOC(=O)C=P(c1ccccc1)(c1ccccc1)c1ccccc1 | O=S(=O)(O)O | CNS(C)(=O)=O | OB(O)c1ccc(F)cc1 | O=P(Cl)(Cl)Cl | N | CC(C)C(=O)CC#N | CC(C)C(=O)Cl | COC(=O)CC#N | COC(=O)CC(=O)OC | NO
C_triage_fragment_weak	b3b243c42c2a5592	414	20	1.1602037477933712e-15	triage_fragment	25	acylating_piece_present;advanced_or_product_like_terminal;aryl_coupling_hint	[OH-] | CC(=O)OC(C)(C)C | CCOC(=O)C=P(c1ccccc1)(c1ccccc1)c1ccccc1 | O=S(=O)(O)O | CNS(C)(=O)=O | OB(O)c1ccc(F)cc1 | O=P(Cl)(Cl)Cl | N | CC(C)C(=O)CC#N | CC(C)NC(C)C | O=C(O)C(F)(F)F | COC(=O)CC(=O)OC | NO
C_triage_fragment_weak	6f4194ede971b46a	415	20	1.787168419944317e-16	triage_fragment	25	acylating_piece_present;advanced_or_product_like_terminal;aryl_coupling_hint	[OH-] | CC(=O)OC(C)(C)C | CCOC(=O)C=P(c1ccccc1)(c1ccccc1)c1ccccc1 | O=S(=O)(O)O | CNS(C)(=O)=O | OB(O)c1ccc(F)cc1 | O=P(Cl)(Cl)Cl | N | CC(C)C(=O)CC#N | CC(C)NC(C)C | O=C(O)CC(=O)O | COC(=O)CC(=O)OC | NO
D_reference_only	1a21ddf148b7c925	630	7	3.995084579096808e-12	needs_chemist_review	17	acylating_piece_present	[OH-] | CNS(C)(=O)=O | CCOC(=O)CC(C)=O | CC(C)c1cc(-c2ccc(F)cc2)nc(O)n1 | C=O | O=C(O)CC(=O)CC(=O)O
D_reference_only	ef3e74fff499bef5	637	7	1.797248368992375e-12	needs_chemist_review	17	acylating_piece_present	[OH-] | CNS(C)(=O)=O | CCOC(=O)CC(C)=O | CC(C)c1cc(-c2ccc(F)cc2)nc(O)n1 | O=C(O)C(F)(F)F | O=C(O)CC(=O)CC(=O)O
D_reference_only	6f9bc272f3a9fdc8	638	7	1.797248368992375e-12	needs_chemist_review	17	acylating_piece_present	[OH-] | CNS(C)(=O)=O | CCOC(=O)CC(C)=O | CC(C)c1cc(-c2ccc(F)cc2)nc(O)n1 | COC(Cl)Cl | O=C(O)CC(=O)CC(=O)O
D_reference_only	ae10a065679b7812	639	7	1.797248368992375e-12	needs_chemist_review	17	acylating_piece_present	[OH-] | CNS(C)(=O)=O | CCOC(=O)CC(C)=O | CC(C)c1cc(-c2ccc(F)cc2)nc(O)n1 | CN(C)C=O | O=C(O)CC(=O)CC(=O)O
D_reference_only	1abf38a00437fcdb	449	9	5.275528277820921e-07	needs_chemist_review	25	acylating_piece_present;advanced_or_product_like_terminal	CNS(C)(=O)=O | CCOC(=O)C=P(c1ccccc1)(c1ccccc1)c1ccccc1 | CC(=O)O | CC(C)c1cc(-c2ccc(F)cc2)nc(O)n1 | C=O | COC(=O)CC(=O)OC
D_reference_only	464c81b216b3ba4c	457	9	3.5855346487385e-07	needs_chemist_review	25	acylating_piece_present;advanced_or_product_like_terminal	[OH-] | COC(=O)CC(C)=O | CNS(C)(=O)=O | CCOC(=O)C=P(c1ccccc1)(c1ccccc1)c1ccccc1 | CC(=O)O | CC(C)c1cc(-c2ccc(F)cc2)nc(O)n1 | C=O
D_reference_only	3759a552787b364b	465	9	2.373275059681046e-07	needs_chemist_review	25	acylating_piece_present;advanced_or_product_like_terminal	CNS(C)(=O)=O | CCOC(=O)C=P(c1ccccc1)(c1ccccc1)c1ccccc1 | CC(=O)O | CC(C)c1cc(-c2ccc(F)cc2)nc(O)n1 | O=C(O)C(F)(F)F | COC(=O)CC(=O)OC
D_reference_only	af80b8cab8de8c31	466	9	2.373275059681046e-07	needs_chemist_review	25	acylating_piece_present;advanced_or_product_like_terminal	CNS(C)(=O)=O | CCOC(=O)C=P(c1ccccc1)(c1ccccc1)c1ccccc1 | CC(=O)O | CC(C)c1cc(-c2ccc(F)cc2)nc(O)n1 | COC(Cl)Cl | COC(=O)CC(=O)OC
D_reference_only	4c49650421e70b0c	467	9	2.373275059681046e-07	needs_chemist_review	25	acylating_piece_present;advanced_or_product_like_terminal	CNS(C)(=O)=O | CCOC(=O)C=P(c1ccccc1)(c1ccccc1)c1ccccc1 | CC(=O)O | CC(C)c1cc(-c2ccc(F)cc2)nc(O)n1 | CN(C)C=O | COC(=O)CC(=O)OC
D_reference_only	bc4867b4d6c4c623	481	9	1.6130062259827732e-07	needs_chemist_review	25	acylating_piece_present;advanced_or_product_like_terminal	[OH-] | COC(=O)CC(C)=O | CNS(C)(=O)=O | CCOC(=O)C=P(c1ccccc1)(c1ccccc1)c1ccccc1 | CC(=O)O | CC(C)c1cc(-c2ccc(F)cc2)nc(O)n1 | O=C(O)C(F)(F)F
D_reference_only	8ba51a9a48c9e641	482	9	1.6130062259827732e-07	needs_chemist_review	25	acylating_piece_present;advanced_or_product_like_terminal	[OH-] | COC(=O)CC(C)=O | CNS(C)(=O)=O | CCOC(=O)C=P(c1ccccc1)(c1ccccc1)c1ccccc1 | CC(=O)O | CC(C)c1cc(-c2ccc(F)cc2)nc(O)n1 | COC(Cl)Cl
D_reference_only	032c3a8a3e3685bd	483	9	1.6130062259827732e-07	needs_chemist_review	25	acylating_piece_present;advanced_or_product_like_terminal	[OH-] | COC(=O)CC(C)=O | CNS(C)(=O)=O | CCOC(=O)C=P(c1ccccc1)(c1ccccc1)c1ccccc1 | CC(=O)O | CC(C)c1cc(-c2ccc(F)cc2)nc(O)n1 | CN(C)C=O
D_reference_only	08183ef5a8f46bbe	501	9	4.283853504197547e-08	needs_chemist_review	24	advanced_or_product_like_terminal	O | CNS(C)(=O)=O | O=C([O-])[O-] | CC(C)c1cc(-c2ccc(F)cc2)nc(O)n1 | C=O | COC(=O)C=P(c1ccccc1)(c1ccccc1)c1ccccc1 | CC(C)(C)[O-] | CC(C)=O | CC(C)(C)O
D_reference_only	3d8c03d2232f7c10	519	9	2.518763084719515e-08	needs_chemist_review	24	advanced_or_product_like_terminal	O | CNS(C)(=O)=O | O=C([O-])[O-] | CC(C)c1cc(-c2ccc(F)cc2)nc(O)n1 | C=O | COC(=O)C=P(c1ccccc1)(c1ccccc1)c1ccccc1 | CC(C)(O)C#N | CC(C)(O)C(C)(C)O
D_reference_only	e1e726325a63de20	529	9	1.557645231629054e-08	needs_chemist_review	24	advanced_or_product_like_terminal	O | CNS(C)(=O)=O | O=C([O-])[O-] | CC(C)c1cc(-c2ccc(F)cc2)nc(O)n1 | C=O | COC(=O)C=P(c1ccccc1)(c1ccccc1)c1ccccc1 | CC(C)(O)C#N | CC(C)=O | CC(C)(C)[O-]
D_reference_only	4233034d9b6d25d2	530	9	1.4953491957160038e-08	needs_chemist_review	25	acylating_piece_present;advanced_or_product_like_terminal	CNS(C)(=O)=O | CCOC(=O)C=P(c1ccccc1)(c1ccccc1)c1ccccc1 | CC(=O)O | CC(C)c1cc(-c2ccc(F)cc2)nc(O)n1 | C=O | O=C(O)CC(=O)O | CO
D_reference_only	27621d0079a8ff82	555	9	7.198134373906981e-09	needs_chemist_review	25	acylating_piece_present;advanced_or_product_like_terminal	CNS(C)(=O)=O | CCOC(=O)C=P(c1ccccc1)(c1ccccc1)c1ccccc1 | CC(=O)O | CC(C)c1cc(-c2ccc(F)cc2)nc(O)n1 | C=O | O=C(O)CC(=O)O
D_reference_only	77ea3c0eeb5e4605	556	9	6.727051329867539e-09	needs_chemist_review	25	acylating_piece_present;advanced_or_product_like_terminal	CNS(C)(=O)=O | CCOC(=O)C=P(c1ccccc1)(c1ccccc1)c1ccccc1 | CC(=O)O | CC(C)c1cc(-c2ccc(F)cc2)nc(O)n1 | O=C(O)C(F)(F)F | O=C(O)CC(=O)O | CO
D_reference_only	a9e9c86d001264ac	557	9	6.727051329867539e-09	needs_chemist_review	25	acylating_piece_present;advanced_or_product_like_terminal	CNS(C)(=O)=O | CCOC(=O)C=P(c1ccccc1)(c1ccccc1)c1ccccc1 | CC(=O)O | CC(C)c1cc(-c2ccc(F)cc2)nc(O)n1 | COC(Cl)Cl | O=C(O)CC(=O)O | CO
D_reference_only	6e2baa8b6675ee65	558	9	6.727051329867539e-09	needs_chemist_review	25	acylating_piece_present;advanced_or_product_like_terminal	CNS(C)(=O)=O | CCOC(=O)C=P(c1ccccc1)(c1ccccc1)c1ccccc1 | CC(=O)O | CC(C)c1cc(-c2ccc(F)cc2)nc(O)n1 | CN(C)C=O | O=C(O)CC(=O)O | CO
D_reference_only	c282c59f11501fac	568	9	3.238188080167499e-09	needs_chemist_review	25	acylating_piece_present;advanced_or_product_like_terminal	CNS(C)(=O)=O | CCOC(=O)C=P(c1ccccc1)(c1ccccc1)c1ccccc1 | CC(=O)O | CC(C)c1cc(-c2ccc(F)cc2)nc(O)n1 | O=C(O)C(F)(F)F | O=C(O)CC(=O)O
D_reference_only	712aa8546f351c2c	569	9	3.238188080167499e-09	needs_chemist_review	25	acylating_piece_present;advanced_or_product_like_terminal	CNS(C)(=O)=O | CCOC(=O)C=P(c1ccccc1)(c1ccccc1)c1ccccc1 | CC(=O)O | CC(C)c1cc(-c2ccc(F)cc2)nc(O)n1 | COC(Cl)Cl | O=C(O)CC(=O)O
D_reference_only	154fb343010e9be9	570	9	3.238188080167499e-09	needs_chemist_review	25	acylating_piece_present;advanced_or_product_like_terminal	CNS(C)(=O)=O | CCOC(=O)C=P(c1ccccc1)(c1ccccc1)c1ccccc1 | CC(=O)O | CC(C)c1cc(-c2ccc(F)cc2)nc(O)n1 | CN(C)C=O | O=C(O)CC(=O)O
D_reference_only	13764250d5de0627	586	9	7.342304881076971e-10	needs_chemist_review	25	acylating_piece_present;advanced_or_product_like_terminal	CNS(C)(=O)=O | CCOC(=O)C=P(c1ccccc1)(c1ccccc1)c1ccccc1 | CC(=O)O | CC(C)c1cc(-c2ccc(F)cc2)nc(O)n1 | C=O | COC(=O)OC | CC(=O)[O-]
D_reference_only	f745576ca80cac08	590	9	6.030048943956881e-10	needs_chemist_review	25	acylating_piece_present;advanced_or_product_like_terminal	CNS(C)(=O)=O | CCOC(=O)C=P(c1ccccc1)(c1ccccc1)c1ccccc1 | CC(=O)O | CC(C)c1cc(-c2ccc(F)cc2)nc(O)n1 | C=O | CCOC(=O)CC(=O)[O-]
D_reference_only	4929deac6270cbae	599	9	3.3030453325580476e-10	needs_chemist_review	25	acylating_piece_present;advanced_or_product_like_terminal	CNS(C)(=O)=O | CCOC(=O)C=P(c1ccccc1)(c1ccccc1)c1ccccc1 | CC(=O)O | CC(C)c1cc(-c2ccc(F)cc2)nc(O)n1 | O=C(O)C(F)(F)F | COC(=O)OC | CC(=O)[O-]
D_reference_only	e1e4d9bab7daeefa	600	9	3.3030453325580476e-10	needs_chemist_review	25	acylating_piece_present;advanced_or_product_like_terminal	CNS(C)(=O)=O | CCOC(=O)C=P(c1ccccc1)(c1ccccc1)c1ccccc1 | CC(=O)O | CC(C)c1cc(-c2ccc(F)cc2)nc(O)n1 | COC(Cl)Cl | COC(=O)OC | CC(=O)[O-]
D_reference_only	0602031ca0b65209	601	9	3.3030453325580476e-10	needs_chemist_review	25	acylating_piece_present;advanced_or_product_like_terminal	CNS(C)(=O)=O | CCOC(=O)C=P(c1ccccc1)(c1ccccc1)c1ccccc1 | CC(=O)O | CC(C)c1cc(-c2ccc(F)cc2)nc(O)n1 | CN(C)C=O | COC(=O)OC | CC(=O)[O-]
D_reference_only	3f8cc88ae21ebc30	602	9	2.7127074320716367e-10	needs_chemist_review	25	acylating_piece_present;advanced_or_product_like_terminal	CNS(C)(=O)=O | CCOC(=O)C=P(c1ccccc1)(c1ccccc1)c1ccccc1 | CC(=O)O | CC(C)c1cc(-c2ccc(F)cc2)nc(O)n1 | O=C(O)C(F)(F)F | CCOC(=O)CC(=O)[O-]
D_reference_only	78ee8c632211befd	603	9	2.7127074320716367e-10	needs_chemist_review	25	acylating_piece_present;advanced_or_product_like_terminal	CNS(C)(=O)=O | CCOC(=O)C=P(c1ccccc1)(c1ccccc1)c1ccccc1 | CC(=O)O | CC(C)c1cc(-c2ccc(F)cc2)nc(O)n1 | COC(Cl)Cl | CCOC(=O)CC(=O)[O-]
D_reference_only	9bbc204c27ed2670	604	9	2.7127074320716367e-10	needs_chemist_review	25	acylating_piece_present;advanced_or_product_like_terminal	CNS(C)(=O)=O | CCOC(=O)C=P(c1ccccc1)(c1ccccc1)c1ccccc1 | CC(=O)O | CC(C)c1cc(-c2ccc(F)cc2)nc(O)n1 | CN(C)C=O | CCOC(=O)CC(=O)[O-]
D_reference_only	06a163eb09f4ae86	625	9	7.765866742471968e-12	needs_chemist_review	25	acylating_piece_present;advanced_or_product_like_terminal	CNS(C)(=O)=O | CCOC(=O)C=P(c1ccccc1)(c1ccccc1)c1ccccc1 | CC(=O)O | CC(C)c1cc(-c2ccc(F)cc2)nc(O)n1 | C=O | COC(=O)CC(=O)OC | NO
D_reference_only	0df20bf549880176	631	9	3.4935909516777384e-12	needs_chemist_review	25	acylating_piece_present;advanced_or_product_like_terminal	CNS(C)(=O)=O | CCOC(=O)C=P(c1ccccc1)(c1ccccc1)c1ccccc1 | CC(=O)O | CC(C)c1cc(-c2ccc(F)cc2)nc(O)n1 | O=C(O)C(F)(F)F | COC(=O)CC(=O)OC | NO
D_reference_only	acb218883be20f2b	632	9	3.4935909516777384e-12	needs_chemist_review	25	acylating_piece_present;advanced_or_product_like_terminal	CNS(C)(=O)=O | CCOC(=O)C=P(c1ccccc1)(c1ccccc1)c1ccccc1 | CC(=O)O | CC(C)c1cc(-c2ccc(F)cc2)nc(O)n1 | COC(Cl)Cl | COC(=O)CC(=O)OC | NO
D_reference_only	883bada7477c5c6b	633	9	3.4935909516777384e-12	needs_chemist_review	25	acylating_piece_present;advanced_or_product_like_terminal	CNS(C)(=O)=O | CCOC(=O)C=P(c1ccccc1)(c1ccccc1)c1ccccc1 | CC(=O)O | CC(C)c1cc(-c2ccc(F)cc2)nc(O)n1 | CN(C)C=O | COC(=O)CC(=O)OC | NO
D_reference_only	aac19c448550fcc0	416	10	0.001159792693220265	needs_chemist_review	17	acylating_piece_present	[OH-] | CNS(C)(=O)=O | CCOC(=O)CP(=O)(OCC)OCC | C=CC(=O)OC(C)(C)C | BrBr | CC(C)c1cc(-c2ccc(F)cc2)nc(O)n1 | COC(=O)CC(=O)OC
D_reference_only	fa2d9719306be692	418	10	3.287433939640599e-05	needs_chemist_review	17	acylating_piece_present	[OH-] | CNS(C)(=O)=O | CCOC(=O)CP(=O)(OCC)OCC | C=CC(=O)OC(C)(C)C | BrBr | CC(C)c1cc(-c2ccc(F)cc2)nc(O)n1 | O=C(O)CC(=O)O | CO
D_reference_only	c4ea3fb87e25b8cf	420	10	1.582465909010967e-05	needs_chemist_review	17	acylating_piece_present	[OH-] | CNS(C)(=O)=O | CCOC(=O)CP(=O)(OCC)OCC | C=CC(=O)OC(C)(C)C | BrBr | CC(C)c1cc(-c2ccc(F)cc2)nc(O)n1 | O=C(O)CC(=O)O
D_reference_only	d11f0c5d8355d15c	439	10	1.6141609150820332e-06	needs_chemist_review	17	acylating_piece_present	[OH-] | CNS(C)(=O)=O | CCOC(=O)CP(=O)(OCC)OCC | C=CC(=O)OC(C)(C)C | BrBr | CC(C)c1cc(-c2ccc(F)cc2)nc(O)n1 | COC(=O)OC | CC(=O)[O-]
D_reference_only	2be2a67071f54678	445	10	1.3256694565289117e-06	needs_chemist_review	17	acylating_piece_present	[OH-] | CNS(C)(=O)=O | CCOC(=O)CP(=O)(OCC)OCC | C=CC(=O)OC(C)(C)C | BrBr | CC(C)c1cc(-c2ccc(F)cc2)nc(O)n1 | CCOC(=O)CC(=O)[O-]
D_reference_only	1b643c0f2c4c7aa3	447	10	1.2094873098179364e-06	needs_chemist_review	17	acylating_piece_present	[OH-] | CNS(C)(=O)=O | CCOC(=O)CP(=O)(OCC)OCC | C=CC(=O)OC(C)(C)C | CC(C)c1cc(-c2ccc(F)cc2)nc(O)n1 | [Br-] | COC(=O)CC(=O)OC
D_reference_only	7447681ba48c65d0	448	10	1.044763465644283e-06	needs_chemist_review	25	acylating_piece_present;advanced_or_product_like_terminal	[OH-] | CNS(C)(=O)=O | CCOC(=O)C=P(c1ccccc1)(c1ccccc1)c1ccccc1 | CC(=O)O | CC(C)c1cc(-c2ccc(F)cc2)nc(O)n1 | C=O | COC(=O)CC(=O)OC
D_reference_only	70edde168fc20588	451	10	4.700024235873653e-07	needs_chemist_review	25	acylating_piece_present;advanced_or_product_like_terminal	[OH-] | CNS(C)(=O)=O | CCOC(=O)C=P(c1ccccc1)(c1ccccc1)c1ccccc1 | CC(=O)O | CC(C)c1cc(-c2ccc(F)cc2)nc(O)n1 | O=C(O)C(F)(F)F | COC(=O)CC(=O)OC
D_reference_only	324a71803f92e48e	452	10	4.700024235873653e-07	needs_chemist_review	25	acylating_piece_present;advanced_or_product_like_terminal	[OH-] | CNS(C)(=O)=O | CCOC(=O)C=P(c1ccccc1)(c1ccccc1)c1ccccc1 | CC(=O)O | CC(C)c1cc(-c2ccc(F)cc2)nc(O)n1 | COC(Cl)Cl | COC(=O)CC(=O)OC
D_reference_only	e055214a6ef4906b	453	10	4.700024235873653e-07	needs_chemist_review	25	acylating_piece_present;advanced_or_product_like_terminal	[OH-] | CNS(C)(=O)=O | CCOC(=O)C=P(c1ccccc1)(c1ccccc1)c1ccccc1 | CC(=O)O | CC(C)c1cc(-c2ccc(F)cc2)nc(O)n1 | CN(C)C=O | COC(=O)CC(=O)OC
D_reference_only	cf8387b15b292050	472	10	2.095091137966775e-07	needs_chemist_review	24	advanced_or_product_like_terminal	O | CNS(C)(=O)=O | O=C([O-])[O-] | CC(C)c1cc(-c2ccc(F)cc2)nc(O)n1 | C=O | COC(=O)C=P(c1ccccc1)(c1ccccc1)c1ccccc1 | COC(C)(C)OC | CC(C)(O)CCO
D_reference_only	40730262bf29bdd1	475	10	1.8517083192757118e-07	needs_chemist_review	24	advanced_or_product_like_terminal	O | CNS(C)(=O)=O | O=C([O-])[O-] | CC(C)c1cc(-c2ccc(F)cc2)nc(O)n1 | C=O | COC(=O)C=P(c1ccccc1)(c1ccccc1)c1ccccc1 | COC(C)(C)OC | CC(C)=O | CC(C)(C)O
D_reference_only	6681b07675ad70bb	484	10	1.557015258013977e-07	needs_chemist_review	24	advanced_or_product_like_terminal	O | CNS(C)(=O)=O | O=C([O-])[O-] | CC(C)c1cc(-c2ccc(F)cc2)nc(O)n1 | C=O | COC(=O)C=P(c1ccccc1)(c1ccccc1)c1ccccc1 | COC(C)(C)OC | CC(C)=O | CC(C)(C)[O-]
D_reference_only	82ff9be9f9ea5ea6	506	10	3.4282933968311825e-08	needs_chemist_review	17	acylating_piece_present	[OH-] | CNS(C)(=O)=O | CCOC(=O)CP(=O)(OCC)OCC | C=CC(=O)OC(C)(C)C | CC(C)c1cc(-c2ccc(F)cc2)nc(O)n1 | [Br-] | O=C(O)CC(=O)O | CO
D_reference_only	ca1b43dd0fdfb952	513	10	2.961383440275961e-08	needs_chemist_review	25	acylating_piece_present;advanced_or_product_like_terminal	[OH-] | CNS(C)(=O)=O | CCOC(=O)C=P(c1ccccc1)(c1ccccc1)c1ccccc1 | CC(=O)O | CC(C)c1cc(-c2ccc(F)cc2)nc(O)n1 | C=O | O=C(O)CC(=O)O | CO
D_reference_only	306f9607a62fed9d	526	10	1.7072784051423083e-08	needs_chemist_review	17	acylating_piece_present	[OH-] | CNS(C)(=O)=O | CCOC(=O)CP(=O)(OCC)OCC | C=CC(=O)OC(C)(C)C | BrBr | CC(C)c1cc(-c2ccc(F)cc2)nc(O)n1 | COC(=O)CC(=O)OC | NO
D_reference_only	c8ebf76f7814c7aa	528	10	1.6502711616969746e-08	needs_chemist_review	17	acylating_piece_present	[OH-] | CNS(C)(=O)=O | CCOC(=O)CP(=O)(OCC)OCC | C=CC(=O)OC(C)(C)C | CC(C)c1cc(-c2ccc(F)cc2)nc(O)n1 | [Br-] | O=C(O)CC(=O)O
D_reference_only	f890e971a3c26365	531	10	1.4799155845905277e-08	needs_chemist_review	24	advanced_or_product_like_terminal	O | CNS(C)(=O)=O | O=C([O-])[O-] | CC(C)c1cc(-c2ccc(F)cc2)nc(O)n1 | C=O | COC(=O)C=P(c1ccccc1)(c1ccccc1)c1ccccc1 | COC(C)(C)OC | Cc1ccc(S(=O)(=O)O)cc1
D_reference_only	422ddc602201a480	534	10	1.4255155917319072e-08	needs_chemist_review	25	acylating_piece_present;advanced_or_product_like_terminal	[OH-] | CNS(C)(=O)=O | CCOC(=O)C=P(c1ccccc1)(c1ccccc1)c1ccccc1 | CC(=O)O | CC(C)c1cc(-c2ccc(F)cc2)nc(O)n1 | C=O | O=C(O)CC(=O)O
D_reference_only	61be332dc1bdb0d1	537	10	1.3322224980779387e-08	needs_chemist_review	25	acylating_piece_present;advanced_or_product_like_terminal	[OH-] | CNS(C)(=O)=O | CCOC(=O)C=P(c1ccccc1)(c1ccccc1)c1ccccc1 | CC(=O)O | CC(C)c1cc(-c2ccc(F)cc2)nc(O)n1 | O=C(O)C(F)(F)F | O=C(O)CC(=O)O | CO
D_reference_only	b714e0f1bfd43e7b	538	10	1.3322224980779387e-08	needs_chemist_review	25	acylating_piece_present;advanced_or_product_like_terminal	[OH-] | CNS(C)(=O)=O | CCOC(=O)C=P(c1ccccc1)(c1ccccc1)c1ccccc1 | CC(=O)O | CC(C)c1cc(-c2ccc(F)cc2)nc(O)n1 | COC(Cl)Cl | O=C(O)CC(=O)O | CO
D_reference_only	71807870558f0bf5	539	10	1.3322224980779387e-08	needs_chemist_review	25	acylating_piece_present;advanced_or_product_like_terminal	[OH-] | CNS(C)(=O)=O | CCOC(=O)C=P(c1ccccc1)(c1ccccc1)c1ccccc1 | CC(=O)O | CC(C)c1cc(-c2ccc(F)cc2)nc(O)n1 | CN(C)C=O | O=C(O)CC(=O)O | CO
D_reference_only	a1e75ea22827cf7f	559	10	6.4128944493900514e-09	needs_chemist_review	25	acylating_piece_present;advanced_or_product_like_terminal	[OH-] | CNS(C)(=O)=O | CCOC(=O)C=P(c1ccccc1)(c1ccccc1)c1ccccc1 | CC(=O)O | CC(C)c1cc(-c2ccc(F)cc2)nc(O)n1 | O=C(O)C(F)(F)F | O=C(O)CC(=O)O
D_reference_only	e1234b0b9c7fb38a	560	10	6.4128944493900514e-09	needs_chemist_review	25	acylating_piece_present;advanced_or_product_like_terminal	[OH-] | CNS(C)(=O)=O | CCOC(=O)C=P(c1ccccc1)(c1ccccc1)c1ccccc1 | CC(=O)O | CC(C)c1cc(-c2ccc(F)cc2)nc(O)n1 | COC(Cl)Cl | O=C(O)CC(=O)O
D_reference_only	ae0dba46aaf04c6c	561	10	6.4128944493900514e-09	needs_chemist_review	25	acylating_piece_present;advanced_or_product_like_terminal	[OH-] | CNS(C)(=O)=O | CCOC(=O)C=P(c1ccccc1)(c1ccccc1)c1ccccc1 | CC(=O)O | CC(C)c1cc(-c2ccc(F)cc2)nc(O)n1 | CN(C)C=O | O=C(O)CC(=O)O
D_reference_only	1a4bdc07a655ec7e	575	10	1.6833242304493886e-09	needs_chemist_review	17	acylating_piece_present	[OH-] | CNS(C)(=O)=O | CCOC(=O)CP(=O)(OCC)OCC | C=CC(=O)OC(C)(C)C | CC(C)c1cc(-c2ccc(F)cc2)nc(O)n1 | [Br-] | COC(=O)OC | CC(=O)[O-]
D_reference_only	14c01bced88d082e	579	10	1.454067060093447e-09	needs_chemist_review	25	acylating_piece_present;advanced_or_product_like_terminal	[OH-] | CNS(C)(=O)=O | CCOC(=O)C=P(c1ccccc1)(c1ccccc1)c1ccccc1 | CC(=O)O | CC(C)c1cc(-c2ccc(F)cc2)nc(O)n1 | C=O | COC(=O)OC | CC(=O)[O-]
D_reference_only	3f6d97c1faf2901c	580	10	1.3824715348335522e-09	needs_chemist_review	17	acylating_piece_present	[OH-] | CNS(C)(=O)=O | CCOC(=O)CP(=O)(OCC)OCC | C=CC(=O)OC(C)(C)C | CC(C)c1cc(-c2ccc(F)cc2)nc(O)n1 | [Br-] | CCOC(=O)CC(=O)[O-]
D_reference_only	f6939d2f87abc5ea	582	10	1.194188430223953e-09	needs_chemist_review	25	acylating_piece_present;advanced_or_product_like_terminal	[OH-] | CNS(C)(=O)=O | CCOC(=O)C=P(c1ccccc1)(c1ccccc1)c1ccccc1 | CC(=O)O | CC(C)c1cc(-c2ccc(F)cc2)nc(O)n1 | C=O | CCOC(=O)CC(=O)[O-]
D_reference_only	6ec8d579692d56eb	587	10	6.541337487151009e-10	needs_chemist_review	25	acylating_piece_present;advanced_or_product_like_terminal	[OH-] | CNS(C)(=O)=O | CCOC(=O)C=P(c1ccccc1)(c1ccccc1)c1ccccc1 | CC(=O)O | CC(C)c1cc(-c2ccc(F)cc2)nc(O)n1 | O=C(O)C(F)(F)F | COC(=O)OC | CC(=O)[O-]
D_reference_only	6843dcb78e6d7b81	588	10	6.541337487151009e-10	needs_chemist_review	25	acylating_piece_present;advanced_or_product_like_terminal	[OH-] | CNS(C)(=O)=O | CCOC(=O)C=P(c1ccccc1)(c1ccccc1)c1ccccc1 | CC(=O)O | CC(C)c1cc(-c2ccc(F)cc2)nc(O)n1 | COC(Cl)Cl | COC(=O)OC | CC(=O)[O-]
D_reference_only	195273ac26509aed	589	10	6.541337487151009e-10	needs_chemist_review	25	acylating_piece_present;advanced_or_product_like_terminal	[OH-] | CNS(C)(=O)=O | CCOC(=O)C=P(c1ccccc1)(c1ccccc1)c1ccccc1 | CC(=O)O | CC(C)c1cc(-c2ccc(F)cc2)nc(O)n1 | CN(C)C=O | COC(=O)OC | CC(=O)[O-]
D_reference_only	5495ed6b6694e71c	595	10	5.372234719933715e-10	needs_chemist_review	25	acylating_piece_present;advanced_or_product_like_terminal	[OH-] | CNS(C)(=O)=O | CCOC(=O)C=P(c1ccccc1)(c1ccccc1)c1ccccc1 | CC(=O)O | CC(C)c1cc(-c2ccc(F)cc2)nc(O)n1 | O=C(O)C(F)(F)F | CCOC(=O)CC(=O)[O-]
D_reference_only	c759da9243cad4ed	596	10	5.372234719933715e-10	needs_chemist_review	25	acylating_piece_present;advanced_or_product_like_terminal	[OH-] | CNS(C)(=O)=O | CCOC(=O)C=P(c1ccccc1)(c1ccccc1)c1ccccc1 | CC(=O)O | CC(C)c1cc(-c2ccc(F)cc2)nc(O)n1 | COC(Cl)Cl | CCOC(=O)CC(=O)[O-]
D_reference_only	8dd90db3161341a8	597	10	5.372234719933715e-10	needs_chemist_review	25	acylating_piece_present;advanced_or_product_like_terminal	[OH-] | CNS(C)(=O)=O | CCOC(=O)C=P(c1ccccc1)(c1ccccc1)c1ccccc1 | CC(=O)O | CC(C)c1cc(-c2ccc(F)cc2)nc(O)n1 | CN(C)C=O | CCOC(=O)CC(=O)[O-]
D_reference_only	b9267ccba1d069f9	623	10	1.7804316042139957e-11	needs_chemist_review	17	acylating_piece_present	[OH-] | CNS(C)(=O)=O | CCOC(=O)CP(=O)(OCC)OCC | C=CC(=O)OC(C)(C)C | CC(C)c1cc(-c2ccc(F)cc2)nc(O)n1 | [Br-] | COC(=O)CC(=O)OC | NO
D_reference_only	7ee9bae419763a80	624	10	1.5379490781438868e-11	needs_chemist_review	25	acylating_piece_present;advanced_or_product_like_terminal	[OH-] | CNS(C)(=O)=O | CCOC(=O)C=P(c1ccccc1)(c1ccccc1)c1ccccc1 | CC(=O)O | CC(C)c1cc(-c2ccc(F)cc2)nc(O)n1 | C=O | COC(=O)CC(=O)OC | NO
D_reference_only	2a442360307cdf35	626	10	6.918693253078307e-12	needs_chemist_review	25	acylating_piece_present;advanced_or_product_like_terminal	[OH-] | CNS(C)(=O)=O | CCOC(=O)C=P(c1ccccc1)(c1ccccc1)c1ccccc1 | CC(=O)O | CC(C)c1cc(-c2ccc(F)cc2)nc(O)n1 | O=C(O)C(F)(F)F | COC(=O)CC(=O)OC | NO
D_reference_only	ae6f9a5c65aa41aa	627	10	6.918693253078307e-12	needs_chemist_review	25	acylating_piece_present;advanced_or_product_like_terminal	[OH-] | CNS(C)(=O)=O | CCOC(=O)C=P(c1ccccc1)(c1ccccc1)c1ccccc1 | CC(=O)O | CC(C)c1cc(-c2ccc(F)cc2)nc(O)n1 | COC(Cl)Cl | COC(=O)CC(=O)OC | NO
D_reference_only	7bbdc63349d44176	628	10	6.918693253078307e-12	needs_chemist_review	25	acylating_piece_present;advanced_or_product_like_terminal	[OH-] | CNS(C)(=O)=O | CCOC(=O)C=P(c1ccccc1)(c1ccccc1)c1ccccc1 | CC(=O)O | CC(C)c1cc(-c2ccc(F)cc2)nc(O)n1 | CN(C)C=O | COC(=O)CC(=O)OC | NO
D_reference_only	a8f57796740995bf	456	12	3.9842093425924935e-07	needs_chemist_review	25	acylating_piece_present;advanced_or_product_like_terminal	[OH-] | O=C([O-])[O-] | CNS(C)(=O)=O | CCOC(=O)C=P(c1ccccc1)(c1ccccc1)c1ccccc1 | CC(=O)O | CC(C)c1cc(-c2ccc(F)cc2)nc(O)n1 | C=O | COC(=O)CC(=O)OC
D_reference_only	bd7112b14048b8a8	476	12	1.7923559816892246e-07	needs_chemist_review	25	acylating_piece_present;advanced_or_product_like_terminal	[OH-] | O=C([O-])[O-] | CNS(C)(=O)=O | CCOC(=O)C=P(c1ccccc1)(c1ccccc1)c1ccccc1 | CC(=O)O | CC(C)c1cc(-c2ccc(F)cc2)nc(O)n1 | O=C(O)C(F)(F)F | COC(=O)CC(=O)OC
D_reference_only	c796f176dd6e17c7	477	12	1.7923559816892246e-07	needs_chemist_review	25	acylating_piece_present;advanced_or_product_like_terminal	[OH-] | O=C([O-])[O-] | CNS(C)(=O)=O | CCOC(=O)C=P(c1ccccc1)(c1ccccc1)c1ccccc1 | CC(=O)O | CC(C)c1cc(-c2ccc(F)cc2)nc(O)n1 | COC(Cl)Cl | COC(=O)CC(=O)OC
D_reference_only	9f85affa64226436	478	12	1.7923559816892246e-07	needs_chemist_review	25	acylating_piece_present;advanced_or_product_like_terminal	[OH-] | O=C([O-])[O-] | CNS(C)(=O)=O | CCOC(=O)C=P(c1ccccc1)(c1ccccc1)c1ccccc1 | CC(=O)O | CC(C)c1cc(-c2ccc(F)cc2)nc(O)n1 | CN(C)C=O | COC(=O)CC(=O)OC
D_reference_only	cdc5df37d6f4e180	547	12	1.1293246708689355e-08	needs_chemist_review	25	acylating_piece_present;advanced_or_product_like_terminal	[OH-] | O=C([O-])[O-] | CNS(C)(=O)=O | CCOC(=O)C=P(c1ccccc1)(c1ccccc1)c1ccccc1 | CC(=O)O | CC(C)c1cc(-c2ccc(F)cc2)nc(O)n1 | C=O | O=C(O)CC(=O)O | CO
D_reference_only	c530455abe985629	562	12	5.4362089844777195e-09	needs_chemist_review	25	acylating_piece_present;advanced_or_product_like_terminal	[OH-] | O=C([O-])[O-] | CNS(C)(=O)=O | CCOC(=O)C=P(c1ccccc1)(c1ccccc1)c1ccccc1 | CC(=O)O | CC(C)c1cc(-c2ccc(F)cc2)nc(O)n1 | C=O | O=C(O)CC(=O)O
D_reference_only	4a5fbfabcc959658	563	12	5.080435426578393e-09	needs_chemist_review	25	acylating_piece_present;advanced_or_product_like_terminal	[OH-] | O=C([O-])[O-] | CNS(C)(=O)=O | CCOC(=O)C=P(c1ccccc1)(c1ccccc1)c1ccccc1 | CC(=O)O | CC(C)c1cc(-c2ccc(F)cc2)nc(O)n1 | O=C(O)C(F)(F)F | O=C(O)CC(=O)O | CO
D_reference_only	78eeb68bacabcdfe	564	12	5.080435426578393e-09	needs_chemist_review	25	acylating_piece_present;advanced_or_product_like_terminal	[OH-] | O=C([O-])[O-] | CNS(C)(=O)=O | CCOC(=O)C=P(c1ccccc1)(c1ccccc1)c1ccccc1 | CC(=O)O | CC(C)c1cc(-c2ccc(F)cc2)nc(O)n1 | COC(Cl)Cl | O=C(O)CC(=O)O | CO
D_reference_only	70cce9ea21d41233	565	12	5.080435426578393e-09	needs_chemist_review	25	acylating_piece_present;advanced_or_product_like_terminal	[OH-] | O=C([O-])[O-] | CNS(C)(=O)=O | CCOC(=O)C=P(c1ccccc1)(c1ccccc1)c1ccccc1 | CC(=O)O | CC(C)c1cc(-c2ccc(F)cc2)nc(O)n1 | CN(C)C=O | O=C(O)CC(=O)O | CO
D_reference_only	19c941cd568b90a1	571	12	2.4455596714958883e-09	needs_chemist_review	25	acylating_piece_present;advanced_or_product_like_terminal	[OH-] | O=C([O-])[O-] | CNS(C)(=O)=O | CCOC(=O)C=P(c1ccccc1)(c1ccccc1)c1ccccc1 | CC(=O)O | CC(C)c1cc(-c2ccc(F)cc2)nc(O)n1 | O=C(O)C(F)(F)F | O=C(O)CC(=O)O
D_reference_only	fe9279fa12ee9b7e	572	12	2.4455596714958883e-09	needs_chemist_review	25	acylating_piece_present;advanced_or_product_like_terminal	[OH-] | O=C([O-])[O-] | CNS(C)(=O)=O | CCOC(=O)C=P(c1ccccc1)(c1ccccc1)c1ccccc1 | CC(=O)O | CC(C)c1cc(-c2ccc(F)cc2)nc(O)n1 | COC(Cl)Cl | O=C(O)CC(=O)O
D_reference_only	5e6e45362fd9e634	573	12	2.4455596714958883e-09	needs_chemist_review	25	acylating_piece_present;advanced_or_product_like_terminal	[OH-] | O=C([O-])[O-] | CNS(C)(=O)=O | CCOC(=O)C=P(c1ccccc1)(c1ccccc1)c1ccccc1 | CC(=O)O | CC(C)c1cc(-c2ccc(F)cc2)nc(O)n1 | CN(C)C=O | O=C(O)CC(=O)O
D_reference_only	45bdd8a15ad071fb	594	12	5.545090114734922e-10	needs_chemist_review	25	acylating_piece_present;advanced_or_product_like_terminal	[OH-] | O=C([O-])[O-] | CNS(C)(=O)=O | CCOC(=O)C=P(c1ccccc1)(c1ccccc1)c1ccccc1 | CC(=O)O | CC(C)c1cc(-c2ccc(F)cc2)nc(O)n1 | C=O | COC(=O)OC | CC(=O)[O-]
D_reference_only	39f0d6f07c78eb3f	598	12	4.5540419979942974e-10	needs_chemist_review	25	acylating_piece_present;advanced_or_product_like_terminal	[OH-] | O=C([O-])[O-] | CNS(C)(=O)=O | CCOC(=O)C=P(c1ccccc1)(c1ccccc1)c1ccccc1 | CC(=O)O | CC(C)c1cc(-c2ccc(F)cc2)nc(O)n1 | C=O | CCOC(=O)CC(=O)[O-]
D_reference_only	8bc25a14c7f9a096	606	12	2.4945414714789674e-10	needs_chemist_review	25	acylating_piece_present;advanced_or_product_like_terminal	[OH-] | O=C([O-])[O-] | CNS(C)(=O)=O | CCOC(=O)C=P(c1ccccc1)(c1ccccc1)c1ccccc1 | CC(=O)O | CC(C)c1cc(-c2ccc(F)cc2)nc(O)n1 | O=C(O)C(F)(F)F | COC(=O)OC | CC(=O)[O-]
D_reference_only	e7691d168bfc1e59	607	12	2.4945414714789674e-10	needs_chemist_review	25	acylating_piece_present;advanced_or_product_like_terminal	[OH-] | O=C([O-])[O-] | CNS(C)(=O)=O | CCOC(=O)C=P(c1ccccc1)(c1ccccc1)c1ccccc1 | CC(=O)O | CC(C)c1cc(-c2ccc(F)cc2)nc(O)n1 | COC(Cl)Cl | COC(=O)OC | CC(=O)[O-]
D_reference_only	0473134ad1171950	608	12	2.4945414714789674e-10	needs_chemist_review	25	acylating_piece_present;advanced_or_product_like_terminal	[OH-] | O=C([O-])[O-] | CNS(C)(=O)=O | CCOC(=O)C=P(c1ccccc1)(c1ccccc1)c1ccccc1 | CC(=O)O | CC(C)c1cc(-c2ccc(F)cc2)nc(O)n1 | CN(C)C=O | COC(=O)OC | CC(=O)[O-]
D_reference_only	0a2921efa529a95a	611	12	2.048703698550583e-10	needs_chemist_review	25	acylating_piece_present;advanced_or_product_like_terminal	[OH-] | O=C([O-])[O-] | CNS(C)(=O)=O | CCOC(=O)C=P(c1ccccc1)(c1ccccc1)c1ccccc1 | CC(=O)O | CC(C)c1cc(-c2ccc(F)cc2)nc(O)n1 | O=C(O)C(F)(F)F | CCOC(=O)CC(=O)[O-]
D_reference_only	ebe29d3439883e9c	612	12	2.048703698550583e-10	needs_chemist_review	25	acylating_piece_present;advanced_or_product_like_terminal	[OH-] | O=C([O-])[O-] | CNS(C)(=O)=O | CCOC(=O)C=P(c1ccccc1)(c1ccccc1)c1ccccc1 | CC(=O)O | CC(C)c1cc(-c2ccc(F)cc2)nc(O)n1 | COC(Cl)Cl | CCOC(=O)CC(=O)[O-]
D_reference_only	26136dc30e754ee6	613	12	2.048703698550583e-10	needs_chemist_review	25	acylating_piece_present;advanced_or_product_like_terminal	[OH-] | O=C([O-])[O-] | CNS(C)(=O)=O | CCOC(=O)C=P(c1ccccc1)(c1ccccc1)c1ccccc1 | CC(=O)O | CC(C)c1cc(-c2ccc(F)cc2)nc(O)n1 | CN(C)C=O | CCOC(=O)CC(=O)[O-]
D_reference_only	9f602bedfd7bdc44	629	12	5.8649745009926074e-12	needs_chemist_review	25	acylating_piece_present;advanced_or_product_like_terminal	[OH-] | O=C([O-])[O-] | CNS(C)(=O)=O | CCOC(=O)C=P(c1ccccc1)(c1ccccc1)c1ccccc1 | CC(=O)O | CC(C)c1cc(-c2ccc(F)cc2)nc(O)n1 | C=O | COC(=O)CC(=O)OC | NO
D_reference_only	2494536fe8eaba96	634	12	2.638446232463458e-12	needs_chemist_review	25	acylating_piece_present;advanced_or_product_like_terminal	[OH-] | O=C([O-])[O-] | CNS(C)(=O)=O | CCOC(=O)C=P(c1ccccc1)(c1ccccc1)c1ccccc1 | CC(=O)O | CC(C)c1cc(-c2ccc(F)cc2)nc(O)n1 | O=C(O)C(F)(F)F | COC(=O)CC(=O)OC | NO
D_reference_only	7cdb9067875336c8	635	12	2.638446232463458e-12	needs_chemist_review	25	acylating_piece_present;advanced_or_product_like_terminal	[OH-] | O=C([O-])[O-] | CNS(C)(=O)=O | CCOC(=O)C=P(c1ccccc1)(c1ccccc1)c1ccccc1 | CC(=O)O | CC(C)c1cc(-c2ccc(F)cc2)nc(O)n1 | COC(Cl)Cl | COC(=O)CC(=O)OC | NO
D_reference_only	f56f2c1ddd119e7e	636	12	2.638446232463458e-12	needs_chemist_review	25	acylating_piece_present;advanced_or_product_like_terminal	[OH-] | O=C([O-])[O-] | CNS(C)(=O)=O | CCOC(=O)C=P(c1ccccc1)(c1ccccc1)c1ccccc1 | CC(=O)O | CC(C)c1cc(-c2ccc(F)cc2)nc(O)n1 | CN(C)C=O | COC(=O)CC(=O)OC | NO
D_reference_only	7289df97ec70fa72	426	15	9.106757897839858e-06	needs_chemist_review	25	acylating_piece_present;advanced_or_product_like_terminal	CC(=O)OC(C)(C)C | CCOC(=O)C=P(c1ccccc1)(c1ccccc1)c1ccccc1 | O | CNS(C)(=O)=O | O=C([O-])[O-] | CC(C)c1cc(-c2ccc(F)cc2)nc(O)n1 | C=O | COC(=O)CC(=O)OC
D_reference_only	8cc6fe3672c1776c	461	15	2.5813117437672195e-07	needs_chemist_review	25	acylating_piece_present;advanced_or_product_like_terminal	CC(=O)OC(C)(C)C | CCOC(=O)C=P(c1ccccc1)(c1ccccc1)c1ccccc1 | O | CNS(C)(=O)=O | O=C([O-])[O-] | CC(C)c1cc(-c2ccc(F)cc2)nc(O)n1 | C=O | O=C(O)CC(=O)O | CO
D_reference_only	3004957adfd7fef5	487	15	1.242561192115652e-07	needs_chemist_review	25	acylating_piece_present;advanced_or_product_like_terminal	CC(=O)OC(C)(C)C | CCOC(=O)C=P(c1ccccc1)(c1ccccc1)c1ccccc1 | O | CNS(C)(=O)=O | O=C([O-])[O-] | CC(C)c1cc(-c2ccc(F)cc2)nc(O)n1 | C=O | O=C(O)CC(=O)O
D_reference_only	7740c1c1465fcdb8	540	15	1.2674482903485555e-08	needs_chemist_review	25	acylating_piece_present;advanced_or_product_like_terminal	CC(=O)OC(C)(C)C | CCOC(=O)C=P(c1ccccc1)(c1ccccc1)c1ccccc1 | O | CNS(C)(=O)=O | O=C([O-])[O-] | CC(C)c1cc(-c2ccc(F)cc2)nc(O)n1 | C=O | COC(=O)OC | CC(=O)[O-]
D_reference_only	1947c9f43bececcc	549	15	1.0409231635741086e-08	needs_chemist_review	25	acylating_piece_present;advanced_or_product_like_terminal	CC(=O)OC(C)(C)C | CCOC(=O)C=P(c1ccccc1)(c1ccccc1)c1ccccc1 | O | CNS(C)(=O)=O | O=C([O-])[O-] | CC(C)c1cc(-c2ccc(F)cc2)nc(O)n1 | C=O | CCOC(=O)CC(=O)[O-]
D_reference_only	9c7c17a63f049fff	617	15	1.3405646708009012e-10	needs_chemist_review	25	acylating_piece_present;advanced_or_product_like_terminal	CC(=O)OC(C)(C)C | CCOC(=O)C=P(c1ccccc1)(c1ccccc1)c1ccccc1 | O | CNS(C)(=O)=O | O=C([O-])[O-] | CC(C)c1cc(-c2ccc(F)cc2)nc(O)n1 | C=O | COC(=O)CC(=O)OC | NO
D_reference_only	a6b9d937a80e994c	419	16	1.803498614940717e-05	needs_chemist_review	25	acylating_piece_present;advanced_or_product_like_terminal	[OH-] | CC(=O)OC(C)(C)C | CCOC(=O)C=P(c1ccccc1)(c1ccccc1)c1ccccc1 | O | CNS(C)(=O)=O | O=C([O-])[O-] | CC(C)c1cc(-c2ccc(F)cc2)nc(O)n1 | C=O | COC(=O)CC(=O)OC
D_reference_only	df0c47802fb3f9d4	450	16	5.112019235428073e-07	needs_chemist_review	25	acylating_piece_present;advanced_or_product_like_terminal	[OH-] | CC(=O)OC(C)(C)C | CCOC(=O)C=P(c1ccccc1)(c1ccccc1)c1ccccc1 | O | CNS(C)(=O)=O | O=C([O-])[O-] | CC(C)c1cc(-c2ccc(F)cc2)nc(O)n1 | C=O | O=C(O)CC(=O)O | CO
D_reference_only	a2ff5129566ff0da	464	16	2.460763110317476e-07	needs_chemist_review	25	acylating_piece_present;advanced_or_product_like_terminal	[OH-] | CC(=O)OC(C)(C)C | CCOC(=O)C=P(c1ccccc1)(c1ccccc1)c1ccccc1 | O | CNS(C)(=O)=O | O=C([O-])[O-] | CC(C)c1cc(-c2ccc(F)cc2)nc(O)n1 | C=O | O=C(O)CC(=O)O
D_reference_only	7b2412b50a906430	520	16	2.5100494180204418e-08	needs_chemist_review	25	acylating_piece_present;advanced_or_product_like_terminal	[OH-] | CC(=O)OC(C)(C)C | CCOC(=O)C=P(c1ccccc1)(c1ccccc1)c1ccccc1 | O | CNS(C)(=O)=O | O=C([O-])[O-] | CC(C)c1cc(-c2ccc(F)cc2)nc(O)n1 | C=O | COC(=O)OC | CC(=O)[O-]
D_reference_only	8d7e465a6408032e	522	16	2.0614399820719015e-08	needs_chemist_review	25	acylating_piece_present;advanced_or_product_like_terminal	[OH-] | CC(=O)OC(C)(C)C | CCOC(=O)C=P(c1ccccc1)(c1ccccc1)c1ccccc1 | O | CNS(C)(=O)=O | O=C([O-])[O-] | CC(C)c1cc(-c2ccc(F)cc2)nc(O)n1 | C=O | CCOC(=O)CC(=O)[O-]
D_reference_only	342870792f29336a	605	16	2.6548487992651795e-10	needs_chemist_review	25	acylating_piece_present;advanced_or_product_like_terminal	[OH-] | CC(=O)OC(C)(C)C | CCOC(=O)C=P(c1ccccc1)(c1ccccc1)c1ccccc1 | O | CNS(C)(=O)=O | O=C([O-])[O-] | CC(C)c1cc(-c2ccc(F)cc2)nc(O)n1 | C=O | COC(=O)CC(=O)OC | NO
D_reference_only	fc22a57c44206832	425	17	1.0118456191264628e-05	needs_chemist_review	24	acylating_piece_present;advanced_or_product_like_terminal	[OH-] | CC(=O)OC(C)(C)C | O=C(Cl)C(=O)Cl | COC(=O)C=P(c1ccccc1)(c1ccccc1)c1ccccc1 | O | CNS(C)(=O)=O | O=C([O-])[O-] | CC(C)c1cc(-c2ccc(F)cc2)nc(O)n1 | C=O | COC(=O)CC(=O)OC
D_reference_only	d7144838cd9700fd	429	17	8.339402621856212e-06	needs_chemist_review	25	acylating_piece_present;advanced_or_product_like_terminal	[OH-] | CC(=O)OC(C)(C)C | O=C(Cl)C(=O)Cl | CCOC(=O)C=P(c1ccccc1)(c1ccccc1)c1ccccc1 | O | CNS(C)(=O)=O | O=C([O-])[O-] | CC(C)c1cc(-c2ccc(F)cc2)nc(O)n1 | C=O | COC(=O)CC(=O)OC
D_reference_only	8dfecc85e2207485	460	17	2.868077760308196e-07	needs_chemist_review	24	acylating_piece_present;advanced_or_product_like_terminal	[OH-] | CC(=O)OC(C)(C)C | O=C(Cl)C(=O)Cl | COC(=O)C=P(c1ccccc1)(c1ccccc1)c1ccccc1 | O | CNS(C)(=O)=O | O=C([O-])[O-] | CC(C)c1cc(-c2ccc(F)cc2)nc(O)n1 | C=O | O=C(O)CC(=O)O | CO
D_reference_only	a066c5be41dc4509	468	17	2.3638047881899588e-07	needs_chemist_review	25	acylating_piece_present;advanced_or_product_like_terminal	[OH-] | CC(=O)OC(C)(C)C | O=C(Cl)C(=O)Cl | CCOC(=O)C=P(c1ccccc1)(c1ccccc1)c1ccccc1 | O | CNS(C)(=O)=O | O=C([O-])[O-] | CC(C)c1cc(-c2ccc(F)cc2)nc(O)n1 | C=O | O=C(O)CC(=O)O | CO
D_reference_only	d6708ff059f34ee3	486	17	1.3806012115870644e-07	needs_chemist_review	24	acylating_piece_present;advanced_or_product_like_terminal	[OH-] | CC(=O)OC(C)(C)C | O=C(Cl)C(=O)Cl | COC(=O)C=P(c1ccccc1)(c1ccccc1)c1ccccc1 | O | CNS(C)(=O)=O | O=C([O-])[O-] | CC(C)c1cc(-c2ccc(F)cc2)nc(O)n1 | C=O | O=C(O)CC(=O)O
D_reference_only	bfbaf3938b40fd80	490	17	1.1378602769053506e-07	needs_chemist_review	25	acylating_piece_present;advanced_or_product_like_terminal	[OH-] | CC(=O)OC(C)(C)C | O=C(Cl)C(=O)Cl | CCOC(=O)C=P(c1ccccc1)(c1ccccc1)c1ccccc1 | O | CNS(C)(=O)=O | O=C([O-])[O-] | CC(C)c1cc(-c2ccc(F)cc2)nc(O)n1 | C=O | O=C(O)CC(=O)O
D_reference_only	3797a49f2b140413	536	17	1.408253095607948e-08	needs_chemist_review	24	acylating_piece_present;advanced_or_product_like_terminal	[OH-] | CC(=O)OC(C)(C)C | O=C(Cl)C(=O)Cl | COC(=O)C=P(c1ccccc1)(c1ccccc1)c1ccccc1 | O | CNS(C)(=O)=O | O=C([O-])[O-] | CC(C)c1cc(-c2ccc(F)cc2)nc(O)n1 | C=O | COC(=O)OC | CC(=O)[O-]
D_reference_only	0a2434a05bf09725	544	17	1.1606503339796797e-08	needs_chemist_review	25	acylating_piece_present;advanced_or_product_like_terminal	[OH-] | CC(=O)OC(C)(C)C | O=C(Cl)C(=O)Cl | CCOC(=O)C=P(c1ccccc1)(c1ccccc1)c1ccccc1 | O | CNS(C)(=O)=O | O=C([O-])[O-] | CC(C)c1cc(-c2ccc(F)cc2)nc(O)n1 | C=O | COC(=O)OC | CC(=O)[O-]
D_reference_only	1869e2f13eaac419	545	17	1.1565625821232759e-08	needs_chemist_review	24	acylating_piece_present;advanced_or_product_like_terminal	[OH-] | CC(=O)OC(C)(C)C | O=C(Cl)C(=O)Cl | COC(=O)C=P(c1ccccc1)(c1ccccc1)c1ccccc1 | O | CNS(C)(=O)=O | O=C([O-])[O-] | CC(C)c1cc(-c2ccc(F)cc2)nc(O)n1 | C=O | CCOC(=O)CC(=O)[O-]
D_reference_only	686a4ed655a2efbc	552	17	9.53212708281161e-09	needs_chemist_review	25	acylating_piece_present;advanced_or_product_like_terminal	[OH-] | CC(=O)OC(C)(C)C | O=C(Cl)C(=O)Cl | CCOC(=O)C=P(c1ccccc1)(c1ccccc1)c1ccccc1 | O | CNS(C)(=O)=O | O=C([O-])[O-] | CC(C)c1cc(-c2ccc(F)cc2)nc(O)n1 | C=O | CCOC(=O)CC(=O)[O-]
D_reference_only	279b528661e3c9f7	616	17	1.4894922040557948e-10	needs_chemist_review	24	acylating_piece_present;advanced_or_product_like_terminal	[OH-] | CC(=O)OC(C)(C)C | O=C(Cl)C(=O)Cl | COC(=O)C=P(c1ccccc1)(c1ccccc1)c1ccccc1 | O | CNS(C)(=O)=O | O=C([O-])[O-] | CC(C)c1cc(-c2ccc(F)cc2)nc(O)n1 | C=O | COC(=O)CC(=O)OC | NO
D_reference_only	8c6d6e723556c0e2	620	17	1.227605768799086e-10	needs_chemist_review	25	acylating_piece_present;advanced_or_product_like_terminal	[OH-] | CC(=O)OC(C)(C)C | O=C(Cl)C(=O)Cl | CCOC(=O)C=P(c1ccccc1)(c1ccccc1)c1ccccc1 | O | CNS(C)(=O)=O | O=C([O-])[O-] | CC(C)c1cc(-c2ccc(F)cc2)nc(O)n1 | C=O | COC(=O)CC(=O)OC | NO
